<?xml version='1.0' encoding='utf-8' standalone='yes' ?>
<map>
    <string name="com.applovin.sdk.P_OL.fetch_settings_backup_endpoint">https://ms.applvn.com/</string>
    <string name="com.applovin.sdk.P_OL.api_backup_endpoint">https://d.applvn.com/</string>
    <string name="com.applovin.sdk.P_OL.plugin_version">13.3.1.0</string>
    <string name="com.applovin.sdk.P_OL.sc">JvLY%2FxsW%2Fun%2FG2VIFqrlju%2FDZgA%3D</string>
    <boolean name="com.applovin.sdk.P_OL.is_verbose_logging" value="false" />
    <string name="com.applovin.sdk.P_OL.api_endpoint">https://d.applovin.com/</string>
    <string name="com.applovin.sdk.P_OL.fetch_settings_endpoint">https://ms.applovin.com/</string>
</map>
