<?xml version='1.0' encoding='utf-8' standalone='yes' ?>
<map>
    <string name="super_properties">{&quot;$lib_version&quot;:&quot;2.4.4&quot;,&quot;mp_lib&quot;:&quot;flutter&quot;,&quot;isAnonymous&quot;:false,&quot;phoneNumber&quot;:true,&quot;userEmail&quot;:&quot;&quot;,&quot;userName&quot;:&quot;&quot;,&quot;userId&quot;:&quot;7dh2PmUHh1fD6TGKQFCFwSwM7vh2&quot;,&quot;patchNumber&quot;:0}</string>
    <boolean name="had_persisted_distinct_id" value="false" />
    <boolean name="events_user_id_present" value="true" />
    <string name="people_distinct_id">7dh2PmUHh1fD6TGKQFCFwSwM7vh2</string>
    <string name="events_distinct_id">7dh2PmUHh1fD6TGKQFCFwSwM7vh2</string>
    <string name="anonymous_id">879ec800-3b7d-401b-bcb5-d0439a88ae7e</string>
</map>
