<?xml version='1.0' encoding='utf-8' standalone='yes' ?>
<map>
    <string name="/v1/subscribers/%24RCAnonymousID%3Ace95234151ae412a8e69baf0b3c8ea98">{&quot;eTag&quot;:&quot;5bb69ba823fbc337&quot;,&quot;lastRefreshTime&quot;:1761455869500,&quot;httpResult&quot;:&quot;{\&quot;responseCode\&quot;:201,\&quot;payload\&quot;:\&quot;{\\\&quot;request_date\\\&quot;:\\\&quot;2025-10-26T05:17:49Z\\\&quot;,\\\&quot;request_date_ms\\\&quot;:1761455869299,\\\&quot;subscriber\\\&quot;:{\\\&quot;entitlements\\\&quot;:{},\\\&quot;first_seen\\\&quot;:\\\&quot;2025-10-26T05:17:49Z\\\&quot;,\\\&quot;last_seen\\\&quot;:\\\&quot;2025-10-26T05:17:49Z\\\&quot;,\\\&quot;management_url\\\&quot;:null,\\\&quot;non_subscriptions\\\&quot;:{},\\\&quot;original_app_user_id\\\&quot;:\\\&quot;$RCAnonymousID:ce95234151ae412a8e69baf0b3c8ea98\\\&quot;,\\\&quot;original_application_version\\\&quot;:null,\\\&quot;original_purchase_date\\\&quot;:null,\\\&quot;other_purchases\\\&quot;:{},\\\&quot;subscriptions\\\&quot;:{}}}\\n\&quot;,\&quot;origin\&quot;:\&quot;CACHE\&quot;,\&quot;requestDate\&quot;:1761455869299,\&quot;verificationResult\&quot;:\&quot;NOT_REQUESTED\&quot;}&quot;}</string>
    <string name="/v1/subscribers/%24RCAnonymousID%3Ace95234151ae412a8e69baf0b3c8ea98/offerings">{&quot;eTag&quot;:&quot;d14d915c81af4410&quot;,&quot;lastRefreshTime&quot;:1761455869199,&quot;httpResult&quot;:&quot;{\&quot;responseCode\&quot;:200,\&quot;payload\&quot;:\&quot;{\\\&quot;current_offering_id\\\&quot;:null,\\\&quot;offerings\\\&quot;:[],\\\&quot;placements\\\&quot;:{\\\&quot;fallback_offering_id\\\&quot;:null}}\\n\&quot;,\&quot;origin\&quot;:\&quot;CACHE\&quot;,\&quot;requestDate\&quot;:1761455869011,\&quot;verificationResult\&quot;:\&quot;NOT_REQUESTED\&quot;}&quot;}</string>
    <string name="/v1/subscribers/identify">{&quot;eTag&quot;:&quot;aad68a1b19c2010b&quot;,&quot;lastRefreshTime&quot;:1761455869877,&quot;httpResult&quot;:&quot;{\&quot;responseCode\&quot;:200,\&quot;payload\&quot;:\&quot;{\\\&quot;request_date\\\&quot;:\\\&quot;2025-10-26T05:17:49Z\\\&quot;,\\\&quot;request_date_ms\\\&quot;:1761455869686,\\\&quot;subscriber\\\&quot;:{\\\&quot;entitlements\\\&quot;:{\\\&quot;Ad Free Quarterly\\\&quot;:{\\\&quot;expires_date\\\&quot;:\\\&quot;2026-01-12T05:48:09Z\\\&quot;,\\\&quot;grace_period_expires_date\\\&quot;:null,\\\&quot;product_identifier\\\&quot;:\\\&quot;ad_free_quarterly_499\\\&quot;,\\\&quot;product_plan_identifier\\\&quot;:\\\&quot;ad-free-quarterly-499-base\\\&quot;,\\\&quot;purchase_date\\\&quot;:\\\&quot;2025-10-12T05:48:09Z\\\&quot;}},\\\&quot;first_seen\\\&quot;:\\\&quot;2025-10-09T05:39:52Z\\\&quot;,\\\&quot;last_seen\\\&quot;:\\\&quot;2025-10-26T05:17:13Z\\\&quot;,\\\&quot;management_url\\\&quot;:\\\&quot;https:\\\/\\\/play.google.com\\\/store\\\/account\\\/subscriptions\\\&quot;,\\\&quot;non_subscriptions\\\&quot;:{},\\\&quot;original_app_user_id\\\&quot;:\\\&quot;7dh2PmUHh1fD6TGKQFCFwSwM7vh2\\\&quot;,\\\&quot;original_application_version\\\&quot;:\\\&quot;355\\\&quot;,\\\&quot;original_purchase_date\\\&quot;:\\\&quot;2025-10-09T05:26:37Z\\\&quot;,\\\&quot;other_purchases\\\&quot;:{},\\\&quot;subscriptions\\\&quot;:{\\\&quot;ad_free_quarterly_499\\\&quot;:{\\\&quot;auto_resume_date\\\&quot;:null,\\\&quot;billing_issues_detected_at\\\&quot;:null,\\\&quot;display_name\\\&quot;:null,\\\&quot;expires_date\\\&quot;:\\\&quot;2026-01-12T05:48:09Z\\\&quot;,\\\&quot;grace_period_expires_date\\\&quot;:null,\\\&quot;is_sandbox\\\&quot;:false,\\\&quot;original_purchase_date\\\&quot;:\\\&quot;2025-10-09T05:50:37Z\\\&quot;,\\\&quot;period_type\\\&quot;:\\\&quot;normal\\\&quot;,\\\&quot;price\\\&quot;:{\\\&quot;amount\\\&quot;:499.0,\\\&quot;currency\\\&quot;:\\\&quot;INR\\\&quot;},\\\&quot;product_plan_identifier\\\&quot;:\\\&quot;ad-free-quarterly-499-base\\\&quot;,\\\&quot;purchase_date\\\&quot;:\\\&quot;2025-10-12T05:48:09Z\\\&quot;,\\\&quot;refunded_at\\\&quot;:null,\\\&quot;store\\\&quot;:\\\&quot;play_store\\\&quot;,\\\&quot;store_transaction_id\\\&quot;:\\\&quot;GPA.3358-2154-5722-80832..0\\\&quot;,\\\&quot;unsubscribe_detected_at\\\&quot;:null}}}}\\n\&quot;,\&quot;origin\&quot;:\&quot;CACHE\&quot;,\&quot;requestDate\&quot;:1761455869686,\&quot;verificationResult\&quot;:\&quot;NOT_REQUESTED\&quot;}&quot;}</string>
    <string name="/v1/subscribers/7dh2PmUHh1fD6TGKQFCFwSwM7vh2/offerings">{&quot;eTag&quot;:&quot;d14d915c81af4410&quot;,&quot;lastRefreshTime&quot;:1761455870157,&quot;httpResult&quot;:&quot;{\&quot;responseCode\&quot;:200,\&quot;payload\&quot;:\&quot;{\\\&quot;current_offering_id\\\&quot;:null,\\\&quot;offerings\\\&quot;:[],\\\&quot;placements\\\&quot;:{\\\&quot;fallback_offering_id\\\&quot;:null}}\\n\&quot;,\&quot;origin\&quot;:\&quot;CACHE\&quot;,\&quot;requestDate\&quot;:1761455869949,\&quot;verificationResult\&quot;:\&quot;NOT_REQUESTED\&quot;}&quot;}</string>
</map>
