<?xml version='1.0' encoding='utf-8' standalone='yes' ?>
<map>
    <string name="storefrontCacheKey">IN</string>
    <string name="com.applovin.sdk.impl.isFirstRun">true</string>
    <string name="com.revenuecat.purchases.goog_DbsgCxjHJWZblwrslqFJzSvLMCC.subscriberAttributes">{&quot;attributes&quot;:{&quot;o5WjPFwQqfVQNIHxLzx1b9PmmPq2&quot;:{&quot;$displayName&quot;:{&quot;key&quot;:&quot;$displayName&quot;,&quot;value&quot;:&quot;Anonymous&quot;,&quot;set_time&quot;:1761455715806,&quot;is_synced&quot;:true},&quot;$mixpanelDistinctId&quot;:{&quot;key&quot;:&quot;$mixpanelDistinctId&quot;,&quot;value&quot;:&quot;o5WjPFwQqfVQNIHxLzx1b9PmmPq2&quot;,&quot;set_time&quot;:1761455715807,&quot;is_synced&quot;:true},&quot;$gpsAdId&quot;:{&quot;key&quot;:&quot;$gpsAdId&quot;,&quot;value&quot;:&quot;b422aca6-53c1-41b5-a85a-d9d7ac46895f&quot;,&quot;set_time&quot;:1761455715977,&quot;is_synced&quot;:true},&quot;$ip&quot;:{&quot;key&quot;:&quot;$ip&quot;,&quot;value&quot;:&quot;true&quot;,&quot;set_time&quot;:1761455715977,&quot;is_synced&quot;:true},&quot;$deviceVersion&quot;:{&quot;key&quot;:&quot;$deviceVersion&quot;,&quot;value&quot;:&quot;true&quot;,&quot;set_time&quot;:1761455715977,&quot;is_synced&quot;:true},&quot;$appsflyerId&quot;:{&quot;key&quot;:&quot;$appsflyerId&quot;,&quot;value&quot;:&quot;1761455714729-7536731809702332829&quot;,&quot;set_time&quot;:1761455715985,&quot;is_synced&quot;:true}},&quot;7dh2PmUHh1fD6TGKQFCFwSwM7vh2&quot;:{&quot;$displayName&quot;:{&quot;key&quot;:&quot;$displayName&quot;,&quot;value&quot;:&quot;Anonymous&quot;,&quot;set_time&quot;:1761455869980,&quot;is_synced&quot;:false},&quot;$phoneNumber&quot;:{&quot;key&quot;:&quot;$phoneNumber&quot;,&quot;value&quot;:&quot;+918178123859&quot;,&quot;set_time&quot;:1761455869981,&quot;is_synced&quot;:false},&quot;$mixpanelDistinctId&quot;:{&quot;key&quot;:&quot;$mixpanelDistinctId&quot;,&quot;value&quot;:&quot;7dh2PmUHh1fD6TGKQFCFwSwM7vh2&quot;,&quot;set_time&quot;:1761455869982,&quot;is_synced&quot;:false},&quot;$appsflyerId&quot;:{&quot;key&quot;:&quot;$appsflyerId&quot;,&quot;value&quot;:&quot;1761455714729-7536731809702332829&quot;,&quot;set_time&quot;:1761455870163,&quot;is_synced&quot;:false},&quot;$gpsAdId&quot;:{&quot;key&quot;:&quot;$gpsAdId&quot;,&quot;value&quot;:&quot;b422aca6-53c1-41b5-a85a-d9d7ac46895f&quot;,&quot;set_time&quot;:1761455870163,&quot;is_synced&quot;:false},&quot;$ip&quot;:{&quot;key&quot;:&quot;$ip&quot;,&quot;value&quot;:&quot;true&quot;,&quot;set_time&quot;:1761455870163,&quot;is_synced&quot;:false},&quot;$deviceVersion&quot;:{&quot;key&quot;:&quot;$deviceVersion&quot;,&quot;value&quot;:&quot;true&quot;,&quot;set_time&quot;:1761455870163,&quot;is_synced&quot;:false}}}}</string>
    <boolean name="bg_startup_tracing" value="false" />
    <string name="com.revenuecat.purchases.goog_DbsgCxjHJWZblwrslqFJzSvLMCC.7dh2PmUHh1fD6TGKQFCFwSwM7vh2">{&quot;request_date&quot;:&quot;2025-10-26T05:17:49Z&quot;,&quot;request_date_ms&quot;:1761455869686,&quot;subscriber&quot;:{&quot;entitlements&quot;:{&quot;Ad Free Quarterly&quot;:{&quot;expires_date&quot;:&quot;2026-01-12T05:48:09Z&quot;,&quot;grace_period_expires_date&quot;:null,&quot;product_identifier&quot;:&quot;ad_free_quarterly_499&quot;,&quot;product_plan_identifier&quot;:&quot;ad-free-quarterly-499-base&quot;,&quot;purchase_date&quot;:&quot;2025-10-12T05:48:09Z&quot;}},&quot;first_seen&quot;:&quot;2025-10-09T05:39:52Z&quot;,&quot;last_seen&quot;:&quot;2025-10-26T05:17:13Z&quot;,&quot;management_url&quot;:&quot;https:\/\/play.google.com\/store\/account\/subscriptions&quot;,&quot;non_subscriptions&quot;:{},&quot;original_app_user_id&quot;:&quot;7dh2PmUHh1fD6TGKQFCFwSwM7vh2&quot;,&quot;original_application_version&quot;:&quot;355&quot;,&quot;original_purchase_date&quot;:&quot;2025-10-09T05:26:37Z&quot;,&quot;other_purchases&quot;:{},&quot;subscriptions&quot;:{&quot;ad_free_quarterly_499&quot;:{&quot;auto_resume_date&quot;:null,&quot;billing_issues_detected_at&quot;:null,&quot;display_name&quot;:null,&quot;expires_date&quot;:&quot;2026-01-12T05:48:09Z&quot;,&quot;grace_period_expires_date&quot;:null,&quot;is_sandbox&quot;:false,&quot;original_purchase_date&quot;:&quot;2025-10-09T05:50:37Z&quot;,&quot;period_type&quot;:&quot;normal&quot;,&quot;price&quot;:{&quot;amount&quot;:499,&quot;currency&quot;:&quot;INR&quot;},&quot;product_plan_identifier&quot;:&quot;ad-free-quarterly-499-base&quot;,&quot;purchase_date&quot;:&quot;2025-10-12T05:48:09Z&quot;,&quot;refunded_at&quot;:null,&quot;store&quot;:&quot;play_store&quot;,&quot;store_transaction_id&quot;:&quot;GPA.3358-2154-5722-80832..0&quot;,&quot;unsubscribe_detected_at&quot;:null}}},&quot;schema_version&quot;:3,&quot;verification_result&quot;:&quot;NOT_REQUESTED&quot;,&quot;customer_info_request_date&quot;:1761455869686}</string>
    <string name="com.facebook.appevents.UserDataStore.internalUserData"></string>
    <set name="com.revenuecat.purchases.goog_DbsgCxjHJWZblwrslqFJzSvLMCC.tokens" />
    <long name="com.revenuecat.purchases.goog_DbsgCxjHJWZblwrslqFJzSvLMCC.purchaserInfoLastUpdated.7dh2PmUHh1fD6TGKQFCFwSwM7vh2" value="1761455869880" />
    <long name="com.revenuecat.purchases.goog_DbsgCxjHJWZblwrslqFJzSvLMCC.productEntitlementMappingLastUpdated" value="1761455721090" />
    <string name="com.facebook.appevents.UserDataStore.userData"></string>
    <string name="com.revenuecat.purchases.goog_DbsgCxjHJWZblwrslqFJzSvLMCC.new">7dh2PmUHh1fD6TGKQFCFwSwM7vh2</string>
    <string name="com.revenuecat.purchases.goog_DbsgCxjHJWZblwrslqFJzSvLMCC.productEntitlementMapping">{&quot;product_entitlement_mapping&quot;:{&quot;ad_free_999&quot;:{&quot;product_identifier&quot;:&quot;ad_free_999&quot;,&quot;base_plan_id&quot;:&quot;ad-free-base&quot;,&quot;entitlements&quot;:[&quot;Ad Free&quot;]},&quot;ad_free_999:ad-free-base&quot;:{&quot;product_identifier&quot;:&quot;ad_free_999&quot;,&quot;base_plan_id&quot;:&quot;ad-free-base&quot;,&quot;entitlements&quot;:[&quot;Ad Free&quot;]},&quot;ad_free_monthly_99&quot;:{&quot;product_identifier&quot;:&quot;ad_free_monthly_99&quot;,&quot;base_plan_id&quot;:&quot;ad-free-monthly-base&quot;,&quot;entitlements&quot;:[&quot;Ad Free Quarterly&quot;]},&quot;ad_free_monthly_99:ad-free-monthly-base&quot;:{&quot;product_identifier&quot;:&quot;ad_free_monthly_99&quot;,&quot;base_plan_id&quot;:&quot;ad-free-monthly-base&quot;,&quot;entitlements&quot;:[&quot;Ad Free Quarterly&quot;]},&quot;ad_free_quarterly&quot;:{&quot;product_identifier&quot;:&quot;ad_free_quarterly&quot;,&quot;base_plan_id&quot;:&quot;ad-free-base-quarterly&quot;,&quot;entitlements&quot;:[&quot;Ad Free Quarterly&quot;]},&quot;ad_free_quarterly:ad-free-base-quarterly&quot;:{&quot;product_identifier&quot;:&quot;ad_free_quarterly&quot;,&quot;base_plan_id&quot;:&quot;ad-free-base-quarterly&quot;,&quot;entitlements&quot;:[&quot;Ad Free Quarterly&quot;]},&quot;ad_free_quarterly_499&quot;:{&quot;product_identifier&quot;:&quot;ad_free_quarterly_499&quot;,&quot;base_plan_id&quot;:&quot;ad-free-quarterly-499-base&quot;,&quot;entitlements&quot;:[&quot;Ad Free Quarterly&quot;]},&quot;ad_free_quarterly_499:ad-free-quarterly-499-base&quot;:{&quot;product_identifier&quot;:&quot;ad_free_quarterly_499&quot;,&quot;base_plan_id&quot;:&quot;ad-free-quarterly-499-base&quot;,&quot;entitlements&quot;:[&quot;Ad Free Quarterly&quot;]},&quot;less_ads_399_prod&quot;:{&quot;product_identifier&quot;:&quot;less_ads_399_prod&quot;,&quot;base_plan_id&quot;:&quot;less-ads-base-plan&quot;,&quot;entitlements&quot;:[&quot;Reduced Ads&quot;]},&quot;less_ads_399_prod:less-ads-base-plan&quot;:{&quot;product_identifier&quot;:&quot;less_ads_399_prod&quot;,&quot;base_plan_id&quot;:&quot;less-ads-base-plan&quot;,&quot;entitlements&quot;:[&quot;Reduced Ads&quot;]},&quot;reels_1.99&quot;:{&quot;product_identifier&quot;:&quot;reels_1.99&quot;,&quot;entitlements&quot;:[]},&quot;reels_4.99&quot;:{&quot;product_identifier&quot;:&quot;reels_4.99&quot;,&quot;entitlements&quot;:[]}}}</string>
    <string name="com.facebook.appevents.AnalyticsUserIDStore.userID">7dh2PmUHh1fD6TGKQFCFwSwM7vh2</string>
</map>
