<?xml version='1.0' encoding='utf-8' standalone='yes' ?>
<map>
    <long name="fire-count" value="1" />
    <string name="last-used-date">2025-10-26</string>
    <long name="fire-global" value="1761455868298" />
    <set name="fire-installations/18.0.0 fire-rc/22.1.2 flutter-fire-auth/5.7.0 fire-abt/21.1.1 flutter-fire-core/3.15.2 fire-core/21.0.0 fire-core-ktx/21.0.0 device-brand/Nothing android-platform/ fire-sessions/2.1.2 fire-cls/19.4.4 android-target-sdk/35 fire-transport/19.0.0 flutter-fire-fcm/15.2.10 kotlin/2.1.10 flutter-fire-cls/4.3.10 android-min-sdk/26 device-model/Asteroids device-name/AsteroidsIND fire-auth/23.2.1 fire-android/35 android-installer/com.android.vending fire-fcm/24.1.2 flutter-fire-analytics/11.6.0 fire-analytics/22.5.0 flutter-fire-rc/5.5.0">
        <string>2025-10-26</string>
    </set>
</map>
