<?xml version='1.0' encoding='utf-8' standalone='yes' ?>
<map>
    <string name="flutter.countryCode">IN</string>
    <boolean name="flutter.hasClickedMyShowsNotifications" value="false" />
    <string name="flutter.lastSessionId">c1219720-b22a-11f0-9dfe-f194d11c921b</string>
    <string name="flutter.L1_ACTIVATED_COUNT">4</string>
    <string name="flutter.alternateTrialScreen">&quot;true&quot;</string>
    <string name="flutter.PREFERRED_LANGUAGE">hi</string>
    <boolean name="flutter.firstSession" value="false" />
    <string name="flutter.COMPLETED_COUNT">4</string>
    <boolean name="flutter.didShowNotificationPrompt" value="true" />
    <string name="flutter.SUBSCRIPTION_ONLY">false</string>
    <boolean name="flutter.firstTimeLaunch" value="false" />
    <string name="flutter.REELS_L1_ACTIVATED_COUNT">4</string>
    <string name="flutter.REELS_APP_L2_ACTIVATED">true</string>
    <string name="flutter.APP_WATCH_TIME_MS">49253457</string>
    <string name="flutter.REELS_L2_ACTIVATED_COUNT">2</string>
    <string name="flutter.subscriptionVariant">&quot;D&quot;</string>
    <long name="flutter.lastLoadProductGatewaySubscriptionsTimestamp" value="1761455870274" />
    <string name="flutter.SHOWS_APP_L1_ACTIVATED">true</string>
    <string name="flutter.L2_ACTIVATED_COUNT">4</string>
    <string name="flutter.REELS_ACTIVATED_COUNT">4</string>
    <string name="flutter.MIXPANEL_DISTINCT_ID">7dh2PmUHh1fD6TGKQFCFwSwM7vh2</string>
    <string name="flutter.CAMPAIGN_TYPE">CPT</string>
    <boolean name="flutter.appsflyerDeepLinked" value="true" />
    <string name="flutter.ACTIVATED_COUNT">4</string>
    <string name="flutter.supportBot">true</string>
    <string name="flutter.homeRevampRollout">&quot;false&quot;</string>
    <boolean name="flutter.onboardingShown" value="true" />
    <boolean name="flutter.didShowFirstNotificationPrompt" value="true" />
    <long name="flutter.lastSessionStartTime" value="1761455714706" />
    <string name="flutter.languages">VGhpcyBpcyB0aGUgcHJlZml4IGZvciBhIGxpc3Qu![&quot;Hindi&quot;]</string>
    <string name="flutter.SHOWS_APP_ACTIVATED">true</string>
    <string name="flutter.REELS_APP_L1_ACTIVATED">true</string>
    <string name="flutter.downsellSubscription">{}</string>
    <string name="flutter.REELS_APP_ACTIVATED">true</string>
    <string name="flutter.SHOWS_APP_L2_ACTIVATED">true</string>
    <string name="flutter.startOnExplore">&quot;false&quot;</string>
</map>
