<?xml version='1.0' encoding='utf-8' standalone='yes' ?>
<map>
    <string name="core_user_identifiers">{&quot;uid&quot;:&quot;7dh2PmUHh1fD6TGKQFCFwSwM7vh2&quot;}</string>
    <long name="card_last_sync_time" value="1761455869" />
    <long name="last_event_sync_time" value="1761455904379" />
    <boolean name="card_show_all_tab" value="true" />
    <long name="inapp_last_sync_time" value="1761455869" />
    <set name="sent_activity_list">
        <string>com.applovin.mediation.MaxDebuggerMultiAdActivity</string>
        <string>com.moengage.pushbase.activities.PushClickDialogTracker</string>
        <string>androidx.compose.ui.tooling.PreviewActivity</string>
        <string>com.android.billingclient.api.ProxyBillingActivityV2</string>
        <string>com.revenuecat.purchases.amazon.purchasing.ProxyAmazonBillingActivity</string>
        <string>com.applovin.mediation.MaxDebuggerAdUnitsListActivity</string>
        <string>com.google.firebase.auth.internal.RecaptchaActivity</string>
        <string>com.applovin.sdk.AppLovinWebViewActivity</string>
        <string>com.applovin.mediation.MaxDebuggerUnifiedFlowActivity</string>
        <string>com.applovin.mediation.MaxDebuggerTestModeNetworkActivity</string>
        <string>com.unity3d.services.ads.adunit.AdUnitSoftwareActivity</string>
        <string>com.google.android.gms.ads.OutOfContextTestingActivity</string>
        <string>com.google.android.gms.ads.AdActivity</string>
        <string>androidx.credentials.playservices.HiddenActivity</string>
        <string>com.razorpay.flutter_customui.RazorpayPaymentActivity</string>
        <string>com.facebook.FacebookActivity</string>
        <string>com.applovin.mediation.MaxDebuggerTestLiveNetworkActivity</string>
        <string>com.moe.pushlibrary.activities.MoEActivity</string>
        <string>com.unity3d.services.ads.adunit.AdUnitTransparentActivity</string>
        <string>com.google.firebase.auth.internal.GenericIdpActivity</string>
        <string>com.facebook.CustomTabMainActivity</string>
        <string>com.applovin.adview.AppLovinFullscreenActivity</string>
        <string>com.moengage.sdk.debugger.MoEDebuggerActivity</string>
        <string>com.google.android.play.core.common.PlayCoreDialogWrapperActivity</string>
        <string>com.google.android.gms.ads.NotificationHandlerActivity</string>
        <string>com.unity3d.ads.adplayer.FullScreenWebViewDisplay</string>
        <string>com.ironsource.sdk.controller.ControllerActivity</string>
        <string>com.applovin.mediation.MaxDebuggerCmpNetworksListActivity</string>
        <string>com.applovin.mediation.MaxDebuggerWaterfallSegmentsActivity</string>
        <string>com.facebook.ads.AudienceNetworkActivity</string>
        <string>com.google.android.gms.common.api.GoogleApiActivity</string>
        <string>com.applovin.mediation.MaxDebuggerTcfInfoListActivity</string>
        <string>com.google.android.gms.auth.api.signin.internal.SignInHubActivity</string>
        <string>com.unity3d.services.ads.adunit.AdUnitTransparentSoftwareActivity</string>
        <string>com.applovin.creative.MaxCreativeDebuggerDisplayedAdActivity</string>
        <string>com.moengage.pushbase.internal.activity.PermissionActivity</string>
        <string>com.applovin.mediation.MaxDebuggerTcfConsentStatusesListActivity</string>
        <string>com.applovin.mediation.MaxDebuggerDetailActivity</string>
        <string>com.facebook.CustomTabActivity</string>
        <string>bin.mt.file.content.MTDataFilesWakeUpActivity</string>
        <string>com.ironsource.sdk.controller.OpenUrlActivity</string>
        <string>com.unity3d.services.ads.adunit.AdUnitActivity</string>
        <string>com.moengage.pushbase.activities.PushTracker</string>
        <string>com.applovin.mediation.MaxDebuggerAdUnitWaterfallsListActivity</string>
        <string>com.android.billingclient.api.ProxyBillingActivity</string>
        <string>com.applovin.creative.MaxCreativeDebuggerActivity</string>
        <string>com.ironsource.sdk.controller.InterstitialActivity</string>
        <string>com.applovin.mediation.MaxDebuggerActivity</string>
        <string>com.moengage.inapp.internal.activity.MoEInAppActivity</string>
        <string>io.flutter.plugins.urllauncher.WebViewActivity</string>
        <string>com.applovin.mediation.MaxDebuggerTcfStringActivity</string>
        <string>com.ironsource.mediationsdk.testSuite.TestSuiteActivity</string>
        <string>com.dashtoon.video.reels.MainActivity</string>
        <string>com.applovin.mediation.MaxDebuggerAdUnitDetailActivity</string>
    </set>
    <string name="registration_id">dCTgnDziTrqdrzZVnYlg5_:APA91bE5HdBbwuEBuCCRGeH72XBzvvyUKYwyFSt9qtOP01r6gfXUz30PfIJo37l_F94juA0DqnbelL1lBz65lrPH9pv7GIdjqmoHIiU5zRgp-2FBetmj0vQ</string>
    <boolean name="is_device_registered" value="true" />
    <long name="notification_permission_tracked_time" value="1761455713496" />
    <long name="events_batch_number" value="7" />
    <long name="inapp_api_sync_delay" value="900" />
    <long name="inapp_html_assets_delete_time" value="1761455713" />
    <boolean name="has_registered_for_verification" value="false" />
    <string name="PREF_KEY_MOE_GAID">b422aca6-53c1-41b5-a85a-d9d7ac46895f</string>
    <string name="card_sync_interval">{&quot;app_open&quot;:2700,&quot;app_inbox&quot;:300,&quot;pull_to_refresh&quot;:5,&quot;user_activity&quot;:0,&quot;immediate&quot;:0}</string>
    <long name="in_app_global_delay" value="900" />
    <string name="user_attribute_unique_id">7dh2PmUHh1fD6TGKQFCFwSwM7vh2</string>
    <string name="user_session">{&quot;session_id&quot;:&quot;005f20c4-3b37-4c95-b349-7f668f66d9c9&quot;,&quot;start_time&quot;:&quot;2025-10-26T05:17:48.907Z&quot;,&quot;last_interaction_time&quot;:1761455883596}</string>
    <int name="core_module_synced_app_version" value="514" />
    <string name="core_debugger_log_config">{&quot;logLevel&quot;:0,&quot;isLoggingEnabled&quot;:false,&quot;expiryTime&quot;:-1}</string>
    <string name="core_device_unique_id">f8fc2220-9021-4bb2-a027-0f8d759a8374</string>
    <string name="card_categories">[]</string>
    <string name="core_moengage_environment">LIVE</string>
    <boolean name="is_gaid_tracking_enabled" value="true" />
    <string name="APP_UUID">23bb0540-42ac-4b84-a7ca-db3f6c528e8b</string>
</map>
