<?xml version='1.0' encoding='utf-8' standalone='yes' ?>
<map>
    <string name="auid">7cfab6d6-d1a5-422b-bd57-641b587fd109</string>
    <string name="search_keys">{&quot;success&quot;:&quot;&quot;,&quot;fail&quot;:&quot;&quot;,&quot;searchKeys&quot;:[&quot;market://&quot;,&quot;play.google.com&quot;],&quot;acknowledgeWith&quot;:&quot;acknowledgeMessage&quot;,&quot;declineWith&quot;:&quot;errorTest&quot;}</string>
    <string name="ssaGlobalAppData">{&quot;controllerVersion&quot;:&quot;3073&quot;}</string>
    <string name="version">8.9.1</string>
    <string name="unityads-idfi">8eed0221-05da-439b-8120-d5c3bfb78b0f</string>
</map>
