<?xml version='1.0' encoding='utf-8' standalone='yes' ?>
<map>
    <string name="v2LastAppVersion">5.0.0</string>
    <string name="OsVersion">Android 15</string>
    <boolean name="SuccessfulClose" value="true" />
    <long name="v2AppPauseTimestampMillis" value="1758396004598" />
    <long name="InstallDate" value="1758395973" />
    <string name="LastVersion">5.0.0</string>
    <string name="LifecycleData">{&quot;runmode&quot;:&quot;Application&quot;,&quot;installdate&quot;:&quot;9\/21\/2025&quot;,&quot;carriername&quot;:&quot;IND airtel&quot;,&quot;serverCallType&quot;:&quot;click&quot;,&quot;locale&quot;:&quot;en-IN&quot;,&quot;resolution&quot;:&quot;1080x2203&quot;,&quot;platform&quot;:&quot;mobile-android&quot;,&quot;subBrand&quot;:&quot;&quot;,&quot;adobeecid&quot;:&quot;&quot;,&quot;launchevent&quot;:&quot;LaunchEvent&quot;,&quot;brand&quot;:&quot;discoveryplus&quot;,&quot;monthlyenguserevent&quot;:&quot;MonthlyEngUserEvent&quot;,&quot;usertype&quot;:&quot;avod&quot;,&quot;distributionBrand&quot;:&quot;dpi&quot;,&quot;loginStatus&quot;:&quot;0&quot;,&quot;environment&quot;:&quot;prod&quot;,&quot;appid&quot;:&quot;discovery+ 5.0.0 (231)&quot;,&quot;installevent&quot;:&quot;InstallEvent&quot;,&quot;dayofweek&quot;:&quot;1&quot;,&quot;devicename&quot;:&quot;A059&quot;,&quot;hourofday&quot;:&quot;0&quot;,&quot;osversion&quot;:&quot;Android 15&quot;,&quot;family&quot;:&quot;discoveryplus&quot;,&quot;analyticsCodeVersion&quot;:&quot;JAVA-1.2.4-1.11.1-AN&quot;,&quot;dailyenguserevent&quot;:&quot;DailyEngUserEvent&quot;,&quot;launches&quot;:&quot;1&quot;}</string>
    <string name="AppId">discovery+ 5.0.0 (231)</string>
    <long name="SessionStart" value="1758395974" />
    <long name="v2AppStartTimestampMillis" value="1758395974886" />
    <int name="Launches" value="1" />
    <long name="v2AppCloseTimestampMillis" value="1758396004598" />
    <long name="LastDateUsed" value="1758395973" />
    <long name="PauseDate" value="1758396004" />
</map>
