<?xml version='1.0' encoding='utf-8' standalone='yes' ?>
<map>
    <int name="AF_CACHE_VERSION" value="1" />
    <string name="prev_event_name">selectedGateway</string>
    <boolean name="didSendRevenueTriggerOnLastBackground" value="true" />
    <long name="prev_event_timestamp" value="1759690675291" />
    <int name="appsFlyerInAppEventCount" value="47" />
    <long name="prev_session_dur" value="5" />
    <boolean name="ddl_sent" value="true" />
    <long name="af_rc_max_age" value="86400" />
    <string name="sentSuccessfully">true</string>
    <string name="af_remote_config">eyJmZWF0dXJlcyI6e30sInZlciI6ImRlZmF1bHQudjEuMTYzNzE0OTUyOSJ9</string>
    <int name="versionCode" value="514" />
    <string name="savedProperties">{&quot;waitForCustomerId&quot;:&quot;false&quot;,&quot;onelinkVersion&quot;:&quot;4&quot;,&quot;logLevel&quot;:&quot;4&quot;,&quot;oneLinkSlug&quot;:&quot;Lz3o&quot;,&quot;onelinkDomain&quot;:&quot;dashreels.onelink.me&quot;,&quot;additionalCustomData&quot;:&quot;{\&quot;userId:\&quot;:\&quot;llYAA8qqZvaANrBpmNkd2nMUexk1\&quot;}&quot;,&quot;AppUserId&quot;:&quot;JR8EGkBxaVaQDPqQmyQrTgCa4N12&quot;}</string>
    <string name="AF_INSTALLATION">1759690605606-627857996973387334</string>
    <boolean name="afUninstallToken_queued" value="false" />
    <int name="appsFlyerCount" value="3" />
    <long name="af_rc_timestamp" value="1759690605872" />
    <long name="AppsFlyerTimePassedSincePrevLaunch" value="1759690654519" />
    <boolean name="newGPReferrerSent" value="true" />
    <string name="appsFlyerFirstInstall">2025-10-06_002646+0530</string>
    <string name="attributionId">{&quot;install_time&quot;:&quot;2025-10-05 18:56:48.242&quot;,&quot;af_message&quot;:&quot;organic install&quot;,&quot;af_status&quot;:&quot;Organic&quot;,&quot;is_first_launch&quot;:false}</string>
</map>
