<?xml version='1.0' encoding='utf-8' standalone='yes' ?>
<map>
    <string name="prev_event_name">af_complete_registration</string>
    <long name="prev_event_timestamp" value="1758396754179" />
    <int name="appsFlyerInAppEventCount" value="1" />
    <long name="prev_session_dur" value="44" />
    <string name="afUninstallToken">eI3IZ_FRRCmQQ4-ttipGVC:APA91bGFgqHNhK6m2GZqnd1a9b2gjM3COYRscl9L4USol0mFUX63is3JcgYo_4ONiw123mBJB-PUNS2nGQRke0q1303GUl1U0BSIvreNpVDr6MmnIefe6ng</string>
    <boolean name="ddl_sent" value="true" />
    <int name="versionCode" value="231" />
    <string name="savedProperties">{&quot;uid&quot;:&quot;1758396659675-5389037646414272930&quot;,&quot;waitForCustomerId&quot;:&quot;false&quot;,&quot;logLevel&quot;:&quot;0&quot;,&quot;AppUserId&quot;:&quot;USERID:dplusindia:32405348-b741-4279-8fce-c5192fa0a59f&quot;}</string>
    <string name="AF_INSTALLATION">1758396659675-5389037646414272930</string>
    <boolean name="afUninstallToken_queued" value="false" />
    <int name="appsFlyerCount" value="2" />
    <long name="AppsFlyerTimePassedSincePrevLaunch" value="1758396715144" />
    <boolean name="newGPReferrerSent" value="true" />
    <string name="appsFlyerFirstInstall">2025-09-21_010101+0530</string>
    <long name="afUninstallToken_received_time" value="1758396715878" />
</map>
