<?xml version='1.0' encoding='utf-8' standalone='yes' ?>
<map>
    <string name="prev_event_name">af_purchase_init</string>
    <long name="prev_event_timestamp" value="1759668639457" />
    <int name="appsFlyerInAppEventCount" value="2" />
    <string name="afUninstallToken">c6EojheJTs-TBWC17cUKtP:APA91bHzgRB06YXUki6io203DbOyxz61-sBfYW6UCFT5hw31prWdQ6PMJ9Y0iBzIZT8lCFMzX5zgoPl6_p3l197M6OJSd8CQ-Vz-4KaDhpjqmqxtb03W7w4</string>
    <long name="prev_session_dur" value="2" />
    <boolean name="ddl_sent" value="true" />
    <long name="af_rc_max_age" value="86400" />
    <string name="sentSuccessfully">true</string>
    <int name="versionCode" value="4020" />
    <string name="af_remote_config">eyJmZWF0dXJlcyI6e30sInZlciI6ImRlZmF1bHQudjEuMTYzNzE0OTUyOSJ9</string>
    <boolean name="sentRegisterRequestToAF" value="true" />
    <string name="savedProperties">{&quot;uid&quot;:&quot;1759668580247-1540469473084112526&quot;,&quot;waitForCustomerId&quot;:&quot;false&quot;,&quot;logLevel&quot;:&quot;4&quot;,&quot;AppUserId&quot;:&quot;8e61ef9f19ba47d5910db91169a08849-lgi&quot;}</string>
    <string name="androidIdCached">85c6b4ff35b2aa2a</string>
    <string name="AF_INSTALLATION">1759668580247-1540469473084112526</string>
    <boolean name="afUninstallToken_queued" value="false" />
    <int name="appsFlyerCount" value="4" />
    <long name="af_rc_timestamp" value="1759668580738" />
    <long name="AppsFlyerTimePassedSincePrevLaunch" value="1759668711100" />
    <boolean name="newGPReferrerSent" value="true" />
    <string name="appsFlyerFirstInstall">2025-10-05_181940+0530</string>
    <long name="afUninstallToken_received_time" value="1759668583513" />
    <string name="attributionId">{&quot;af_status&quot;:&quot;Organic&quot;,&quot;af_message&quot;:&quot;organic install&quot;,&quot;is_first_launch&quot;:false}</string>
</map>
