<?xml version='1.0' encoding='utf-8' standalone='yes' ?>
<map>
    <int name="AF_CACHE_VERSION" value="1" />
    <string name="prev_event_name">appClose</string>
    <boolean name="didSendRevenueTriggerOnLastBackground" value="true" />
    <long name="prev_event_timestamp" value="1759682197898" />
    <int name="appsFlyerInAppEventCount" value="76" />
    <long name="prev_session_dur" value="8" />
    <boolean name="ddl_sent" value="true" />
    <long name="af_rc_max_age" value="86400" />
    <string name="sentSuccessfully">true</string>
    <int name="versionCode" value="514" />
    <string name="af_remote_config">eyJmZWF0dXJlcyI6e30sInZlciI6ImRlZmF1bHQudjEuMTYzNzE0OTUyOSJ9</string>
    <string name="savedProperties">{&quot;waitForCustomerId&quot;:&quot;false&quot;,&quot;onelinkVersion&quot;:&quot;4&quot;,&quot;logLevel&quot;:&quot;4&quot;,&quot;oneLinkSlug&quot;:&quot;Lz3o&quot;,&quot;onelinkDomain&quot;:&quot;dashreels.onelink.me&quot;,&quot;additionalCustomData&quot;:&quot;{\&quot;userId:\&quot;:\&quot;wbvTWwoj9XcbtjWhKdqLn6fbLHb2\&quot;}&quot;,&quot;AppUserId&quot;:&quot;wbvTWwoj9XcbtjWhKdqLn6fbLHb2&quot;}</string>
    <string name="AF_INSTALLATION">1759682133078-3468303271901892067</string>
    <boolean name="afUninstallToken_queued" value="false" />
    <int name="appsFlyerCount" value="5" />
    <long name="af_rc_timestamp" value="1759682133454" />
    <long name="AppsFlyerTimePassedSincePrevLaunch" value="1759682180775" />
    <boolean name="newGPReferrerSent" value="true" />
    <string name="appsFlyerFirstInstall"></string>
    <string name="attributionId">{&quot;install_time&quot;:&quot;2025-10-05 16:35:37.015&quot;,&quot;af_message&quot;:&quot;organic install&quot;,&quot;af_status&quot;:&quot;Organic&quot;,&quot;is_first_launch&quot;:false}</string>
</map>
