<?xml version='1.0' encoding='utf-8' standalone='yes' ?>
<map>
    <string name="prev_event_name">af_complete_registration</string>
    <long name="prev_event_timestamp" value="1758395992629" />
    <int name="appsFlyerInAppEventCount" value="1" />
    <long name="prev_session_dur" value="5" />
    <string name="afUninstallToken">eaHXqgHgRNG9zaNs40bNCe:APA91bHW0xmqm6TqmuaVx1zvScJ1GlnFKAFroPOC6I1cKgdq1vdiHg3Df0xOLrWhPJ99JGdnkzdkkw3q7LSXyFcAfSdCzjLNtk8FvJFLCWP_Cww-wWq0_1w</string>
    <boolean name="ddl_sent" value="true" />
    <int name="versionCode" value="231" />
    <string name="savedProperties">{&quot;uid&quot;:&quot;1758395971881-282687164143610027&quot;,&quot;waitForCustomerId&quot;:&quot;false&quot;,&quot;logLevel&quot;:&quot;0&quot;,&quot;AppUserId&quot;:&quot;USERID:dplusindia:32405348-b741-4279-8fce-c5192fa0a59f&quot;}</string>
    <string name="AF_INSTALLATION">1758395971881-282687164143610027</string>
    <boolean name="afUninstallToken_queued" value="false" />
    <int name="appsFlyerCount" value="2" />
    <long name="AppsFlyerTimePassedSincePrevLaunch" value="1758395999178" />
    <boolean name="newGPReferrerSent" value="true" />
    <string name="appsFlyerFirstInstall">2025-09-21_004932+0530</string>
    <long name="afUninstallToken_received_time" value="1758395978935" />
</map>
