<?xml version='1.0' encoding='utf-8' standalone='yes' ?>
<map>
    <long name="first_open_time" value="1758396659142" />
    <string name="gmp_app_id">1:368652264107:android:930aba9b2741fc95298dee</string>
    <string name="app_instance_id">b5e2101c7767f78bda26e006e2fe66b0</string>
    <boolean name="app_backgrounded" value="true" />
    <long name="session_id" value="1758396661" />
    <long name="health_monitor:start" value="1758396659419" />
    <boolean name="use_service" value="true" />
    <boolean name="deferred_analytics_collection" value="false" />
    <string name="previous_os_version">15</string>
    <boolean name="has_been_opened" value="true" />
    <boolean name="allow_remote_dynamite" value="true" />
    <long name="last_pause_time" value="1758396759411" />
    <boolean name="start_new_session" value="false" />
</map>
