<?xml version='1.0' encoding='utf-8' standalone='yes' ?>
<map>
    <boolean name="measurement_enabled_from_api" value="true" />
    <long name="first_open_time" value="1759690284371" />
    <string name="gmp_app_id">1:656055924537:android:cefe928c189ab71c5d9ae8</string>
    <string name="app_instance_id">30568d57da2523736b533506bd6d9f23</string>
    <long name="deep_link_retrieval_attempts" value="1" />
    <boolean name="app_backgrounded" value="true" />
    <long name="session_id" value="1759690286" />
    <long name="health_monitor:start" value="1759690284539" />
    <boolean name="use_service" value="true" />
    <boolean name="deferred_analytics_collection" value="false" />
    <string name="previous_os_version">15</string>
    <boolean name="measurement_enabled" value="true" />
    <boolean name="has_been_opened" value="true" />
    <string name="health_monitor:value">2WC139000:Network is not available for Deferred Deep Link request. Skipping</string>
    <boolean name="allow_remote_dynamite" value="true" />
    <long name="last_pause_time" value="1759690336348" />
    <boolean name="start_new_session" value="false" />
    <long name="health_monitor:count" value="1" />
</map>
