<?xml version='1.0' encoding='utf-8' standalone='yes' ?>
<map>
    <string name="p1"></string>
    <string name="p2"></string>
    <string name="p3"></string>
    <string name="p4"></string>
    <string name="p5"></string>
    <string name="campaignid"></string>
    <string name="channel"></string>
    <string name="clickId"></string>
    <string name="pid"></string>
    <string name="adid"></string>
    <string name="install_id">d86e1dad-d6ee-48e7-ab5a-869c73aa77aa</string>
    <string name="click_time"></string>
    <string name="adset"></string>
    <string name="deep_link_called">true</string>
    <string name="adsetid"></string>
    <string name="install_time">2025-10-25T19:21:41.972Z</string>
    <string name="ad"></string>
    <string name="last_session_time">2025-10-25T19:21:42.549Z</string>
    <string name="first_install">2025-10-25T19:21:41.898Z</string>
    <boolean name="is_install_tracked" value="true" />
    <string name="last_session_date">2025-10-26</string>
    <string name="dlv"></string>
    <string name="partner"></string>
    <string name="install_referrer">utm_source=google-play&amp;utm_medium=organic</string>
    <string name="campaign"></string>
    <string name="isRetargeting">false</string>
</map>
