<?xml version='1.0' encoding='utf-8' standalone='yes' ?>
<map>
    <long name="first_open_time" value="1756633548546" />
    <string name="gmp_app_id">1:367269008986:android:79b1ca5495411124</string>
    <string name="app_instance_id">45ec58e783e0cce86c681026b8bef1cc</string>
    <boolean name="app_backgrounded" value="false" />
    <long name="session_id" value="1756633580" />
    <long name="health_monitor:start" value="1756633548884" />
    <boolean name="use_service" value="true" />
    <boolean name="deferred_analytics_collection" value="false" />
    <string name="previous_os_version">15</string>
    <boolean name="has_been_opened" value="true" />
    <boolean name="allow_remote_dynamite" value="true" />
    <long name="last_pause_time" value="1756633613581" />
    <boolean name="start_new_session" value="false" />
</map>
