<?xml version='1.0' encoding='utf-8' standalone='yes' ?>
<map>
    <string name="|S|cre">1759899004044</string>
    <string name="|T|800795916999|*">{&quot;token&quot;:&quot;dEyMS2cg3T_bYtXJgoz2T0:APA91bHs17y-26ob0hqLlknsVbAOSMD9Qyiw7bUs2VsDUGG8bHIa9aYJYscFV59lSUVsLW8TWQokAxGD1-QlZQLLDB375gw5Q1KyRzdKg858fxjoxZVhdRs&quot;,&quot;appVersion&quot;:&quot;383&quot;,&quot;timestamp&quot;:1759953373063}</string>
    <string name="|S|id">f3yELu3smnk</string>
    <string name="|T|484286080282|*">{&quot;token&quot;:&quot;f3yELu3smnk:APA91bGzO0yVSIomUuUVR2kNUfBDW9txSIeQ4rYTL8QYFuiMjsMnsMfEDd78WZixzcRw-BkAhoa2a0P9Mu3Y07VGH_az9UzuE1P23snT9pjwFESyjjc5urg&quot;,&quot;appVersion&quot;:&quot;40003&quot;,&quot;timestamp&quot;:1759899008042}</string>
</map>
