<?xml version='1.0' encoding='utf-8' standalone='yes' ?>
<map>
    <long name="first_open_time" value="1756198794610" />
    <string name="gmp_app_id">1:878008717406:android:e007cfaa12068dbf15a4cf</string>
    <string name="app_instance_id">1aa504e22b6d216a13efa2115a1e1ebf</string>
    <long name="session_id" value="1756205152" />
    <boolean name="app_backgrounded" value="true" />
    <long name="health_monitor:start" value="1756198795117" />
    <boolean name="use_service" value="true" />
    <boolean name="deferred_analytics_collection" value="false" />
    <string name="previous_os_version">10</string>
    <boolean name="has_been_opened" value="true" />
    <boolean name="allow_remote_dynamite" value="true" />
    <long name="last_pause_time" value="1756205389720" />
    <boolean name="start_new_session" value="false" />
</map>
