<?xml version='1.0' encoding='utf-8' standalone='yes' ?>
<map>
    <string name="unified_logging_event_limit">30</string>
    <string name="adnw_ios_debug_funnel_events_sampling_rate">20</string>
    <string name="video_and_endcard_autorotate">autorotate_enabled</string>
    <string name="adnw_native_carousel_aspect_ratio">1.15</string>
    <string name="adnw_android_network_default_retries_num">3</string>
    <string name="restricted_data_processing_combinations">[&quot;LDU&quot;]</string>
    <string name="adnw_ios_recover_from_detached_controller">true</string>
    <string name="adnw_android_image_cache_store_byte_count">5242880</string>
    <string name="adnw_android_anr_detector_enable">false</string>
    <string name="adnw_ios_cache_debug_events_sampling_rate">25</string>
    <string name="show_metadata_rewarded_video">true</string>
    <string name="last_update_timestamp">1759682182840</string>
    <string name="adnw_ios_wo_network_signal_url">https://s.update.fbsbx.com/843748/gs?dt=8437481537452023477000</string>
    <string name="adnw_cta_min_scale_animation_percentage">0.96f</string>
    <string name="adnw_android_default_asset_preload_size_bytes">2097152</string>
    <string name="wo_bot_detection_config">s:30,a:0</string>
    <string name="adnw_modules_events_counter_signal_enabled">false</string>
    <string name="adnw_sync_endpoint_prefix_ios17_plus">ep7</string>
    <string name="visible_area_check_enabled">false</string>
    <string name="adnw_ios_on_disk_cache_reduction_percentage">0.25</string>
    <string name="visible_area_percentage">50</string>
    <string name="adnw_ios_on_disk_cache_size_limit">536870912</string>
    <string name="adnw_android_network_default_connection_timeout_ms">30000</string>
    <string name="adnw_enable_preload">false</string>
    <string name="stack_trace_sample_rate">0</string>
    <string name="adnw_android_local_counters_sampling_rate">10</string>
    <string name="adnw_android_should_init_unskippable_seconds_complete">true</string>
    <string name="adnw_android_network_default_timeout_ms">60000</string>
    <string name="adnw_ios_use_store_url">true</string>
    <string name="adnw_ios_network_debug_events_sampling_rate">50</string>
    <string name="adnw_android_network_default_throttle_timeout_ms">100</string>
    <string name="adnw_android_whitelisted_intent_url_prefixes">[&quot;fb://instantgames&quot;, &quot;fb-messenger://user&quot;, &quot;fb://lead_gen&quot;]</string>
    <string name="wo_ios_sampling_rate">30</string>
    <string name="show_play_pause_rewarded_video">true</string>
    <string name="ad_viewability_tap_margin">0</string>
    <string name="adnw_rv_playback_crash_fallback">true</string>
    <string name="adnw_android_use_local_counters">true</string>
    <string name="disable_in_app_app_store">true</string>
    <string name="adnw_modules_push_queue_enabled">false</string>
    <string name="adnw_sync_after_ad_load">false</string>
    <string name="adnw_android_network_default_read_timeout_ms">8000</string>
    <string name="adnw_ios_in_memory_cache_size_limit">67108864</string>
    <string name="adnw_ios_crash_reporting_enabled_for_an">true</string>
    <string name="minimum_elapsed_time_after_impression">-1</string>
    <string name="adnw_log_interstitial_cache_result">true</string>
    <string name="adnw_ios_wo_network_signal_large_payload_enabled">false</string>
    <string name="adnw_imps_second_channel_enabled">false</string>
    <string name="adnw_ios_crash_reporting_disabled">false</string>
    <string name="adnw_use_secure_uri_parser">false</string>
    <string name="adnw_ios_wo_network_signal_sampling_rate">0</string>
    <string name="adnw_sync_endpoint_prefix">web</string>
    <string name="adnw_ios_skadnetwork_id_list">[&quot;v9wttpbfk9.skadnetwork&quot;, &quot;n38lu8286q.skadnetwork&quot;]</string>
    <string name="adnw_disable_dependencies_check">false</string>
    <string name="adnw_rv_buffer_check_enabled">true</string>
    <string name="adnw_time_to_wait_for_video_prepared_ms">3000</string>
    <string name="adnw_collect_idfa_ios14">true</string>
    <string name="adnw_native_carousel_compact_threshold">225</string>
</map>
