<?xml version='1.0' encoding='utf-8' standalone='yes' ?>
<map>
    <string name="super_properties">{&quot;$lib_version&quot;:&quot;2.4.4&quot;,&quot;mp_lib&quot;:&quot;flutter&quot;,&quot;isAnonymous&quot;:false,&quot;phoneNumber&quot;:true,&quot;userEmail&quot;:&quot;&quot;,&quot;userName&quot;:&quot;&quot;,&quot;userId&quot;:&quot;JR8EGkBxaVaQDPqQmyQrTgCa4N12&quot;,&quot;patchNumber&quot;:0}</string>
    <boolean name="had_persisted_distinct_id" value="false" />
    <boolean name="events_user_id_present" value="true" />
    <string name="people_distinct_id">JR8EGkBxaVaQDPqQmyQrTgCa4N12</string>
    <string name="events_distinct_id">JR8EGkBxaVaQDPqQmyQrTgCa4N12</string>
    <string name="anonymous_id">6ff47109-b569-4eb8-b253-b1a3f7bc8c1b</string>
</map>
