<?xml version='1.0' encoding='utf-8' standalone='yes' ?>
<map>
    <string name="/v1/subscribers/wbvTWwoj9XcbtjWhKdqLn6fbLHb2/offerings">{&quot;eTag&quot;:&quot;d14d915c81af4410&quot;,&quot;lastRefreshTime&quot;:1759677048638,&quot;httpResult&quot;:&quot;{\&quot;responseCode\&quot;:200,\&quot;payload\&quot;:\&quot;{\\\&quot;current_offering_id\\\&quot;:null,\\\&quot;offerings\\\&quot;:[],\\\&quot;placements\\\&quot;:{\\\&quot;fallback_offering_id\\\&quot;:null}}\\n\&quot;,\&quot;origin\&quot;:\&quot;CACHE\&quot;,\&quot;requestDate\&quot;:1759677049631,\&quot;verificationResult\&quot;:\&quot;NOT_REQUESTED\&quot;}&quot;}</string>
    <string name="/v1/subscribers/wbvTWwoj9XcbtjWhKdqLn6fbLHb2">{&quot;eTag&quot;:&quot;d8a90b8ce9ab92bd&quot;,&quot;lastRefreshTime&quot;:1759677049000,&quot;httpResult&quot;:&quot;{\&quot;responseCode\&quot;:201,\&quot;payload\&quot;:\&quot;{\\\&quot;request_date\\\&quot;:\\\&quot;2025-10-05T15:10:49Z\\\&quot;,\\\&quot;request_date_ms\\\&quot;:1759677049949,\\\&quot;subscriber\\\&quot;:{\\\&quot;entitlements\\\&quot;:{},\\\&quot;first_seen\\\&quot;:\\\&quot;2025-10-05T15:10:49Z\\\&quot;,\\\&quot;last_seen\\\&quot;:\\\&quot;2025-10-05T15:10:49Z\\\&quot;,\\\&quot;management_url\\\&quot;:null,\\\&quot;non_subscriptions\\\&quot;:{},\\\&quot;original_app_user_id\\\&quot;:\\\&quot;wbvTWwoj9XcbtjWhKdqLn6fbLHb2\\\&quot;,\\\&quot;original_application_version\\\&quot;:null,\\\&quot;original_purchase_date\\\&quot;:null,\\\&quot;other_purchases\\\&quot;:{},\\\&quot;subscriptions\\\&quot;:{}}}\\n\&quot;,\&quot;origin\&quot;:\&quot;CACHE\&quot;,\&quot;requestDate\&quot;:1759677049949,\&quot;verificationResult\&quot;:\&quot;NOT_REQUESTED\&quot;}&quot;}</string>
    <string name="/v1/subscribers/wbvTWwoj9XcbtjWhKdqLn6fbLHb2/attributes">{&quot;eTag&quot;:&quot;daa13e4f205dc5ba&quot;,&quot;lastRefreshTime&quot;:1759677145886,&quot;httpResult&quot;:&quot;{\&quot;responseCode\&quot;:200,\&quot;payload\&quot;:\&quot;{}\\n\&quot;,\&quot;origin\&quot;:\&quot;CACHE\&quot;,\&quot;verificationResult\&quot;:\&quot;NOT_REQUESTED\&quot;}&quot;}</string>
    <string name="/v1/product_entitlement_mapping">{&quot;eTag&quot;:&quot;5c96d7e1e228d7e3&quot;,&quot;lastRefreshTime&quot;:1759677054089,&quot;httpResult&quot;:&quot;{\&quot;responseCode\&quot;:200,\&quot;payload\&quot;:\&quot;{\\\&quot;product_entitlement_mapping\\\&quot;:{\\\&quot;ad_free_999\\\&quot;:{\\\&quot;base_plan_id\\\&quot;:\\\&quot;ad-free-base\\\&quot;,\\\&quot;entitlements\\\&quot;:[\\\&quot;Ad Free\\\&quot;],\\\&quot;product_identifier\\\&quot;:\\\&quot;ad_free_999\\\&quot;},\\\&quot;ad_free_999:ad-free-base\\\&quot;:{\\\&quot;base_plan_id\\\&quot;:\\\&quot;ad-free-base\\\&quot;,\\\&quot;entitlements\\\&quot;:[\\\&quot;Ad Free\\\&quot;],\\\&quot;product_identifier\\\&quot;:\\\&quot;ad_free_999\\\&quot;},\\\&quot;ad_free_monthly_99\\\&quot;:{\\\&quot;base_plan_id\\\&quot;:\\\&quot;ad-free-monthly-base\\\&quot;,\\\&quot;entitlements\\\&quot;:[\\\&quot;Ad Free Quarterly\\\&quot;],\\\&quot;product_identifier\\\&quot;:\\\&quot;ad_free_monthly_99\\\&quot;},\\\&quot;ad_free_monthly_99:ad-free-monthly-base\\\&quot;:{\\\&quot;base_plan_id\\\&quot;:\\\&quot;ad-free-monthly-base\\\&quot;,\\\&quot;entitlements\\\&quot;:[\\\&quot;Ad Free Quarterly\\\&quot;],\\\&quot;product_identifier\\\&quot;:\\\&quot;ad_free_monthly_99\\\&quot;},\\\&quot;ad_free_quarterly\\\&quot;:{\\\&quot;base_plan_id\\\&quot;:\\\&quot;ad-free-base-quarterly\\\&quot;,\\\&quot;entitlements\\\&quot;:[\\\&quot;Ad Free Quarterly\\\&quot;],\\\&quot;product_identifier\\\&quot;:\\\&quot;ad_free_quarterly\\\&quot;},\\\&quot;ad_free_quarterly:ad-free-base-quarterly\\\&quot;:{\\\&quot;base_plan_id\\\&quot;:\\\&quot;ad-free-base-quarterly\\\&quot;,\\\&quot;entitlements\\\&quot;:[\\\&quot;Ad Free Quarterly\\\&quot;],\\\&quot;product_identifier\\\&quot;:\\\&quot;ad_free_quarterly\\\&quot;},\\\&quot;ad_free_quarterly_499\\\&quot;:{\\\&quot;base_plan_id\\\&quot;:\\\&quot;ad-free-quarterly-499-base\\\&quot;,\\\&quot;entitlements\\\&quot;:[\\\&quot;Ad Free Quarterly\\\&quot;],\\\&quot;product_identifier\\\&quot;:\\\&quot;ad_free_quarterly_499\\\&quot;},\\\&quot;ad_free_quarterly_499:ad-free-quarterly-499-base\\\&quot;:{\\\&quot;base_plan_id\\\&quot;:\\\&quot;ad-free-quarterly-499-base\\\&quot;,\\\&quot;entitlements\\\&quot;:[\\\&quot;Ad Free Quarterly\\\&quot;],\\\&quot;product_identifier\\\&quot;:\\\&quot;ad_free_quarterly_499\\\&quot;},\\\&quot;less_ads_399_prod\\\&quot;:{\\\&quot;base_plan_id\\\&quot;:\\\&quot;less-ads-base-plan\\\&quot;,\\\&quot;entitlements\\\&quot;:[\\\&quot;Reduced Ads\\\&quot;],\\\&quot;product_identifier\\\&quot;:\\\&quot;less_ads_399_prod\\\&quot;},\\\&quot;less_ads_399_prod:less-ads-base-plan\\\&quot;:{\\\&quot;base_plan_id\\\&quot;:\\\&quot;less-ads-base-plan\\\&quot;,\\\&quot;entitlements\\\&quot;:[\\\&quot;Reduced Ads\\\&quot;],\\\&quot;product_identifier\\\&quot;:\\\&quot;less_ads_399_prod\\\&quot;},\\\&quot;reels_1.99\\\&quot;:{\\\&quot;entitlements\\\&quot;:[],\\\&quot;product_identifier\\\&quot;:\\\&quot;reels_1.99\\\&quot;},\\\&quot;reels_4.99\\\&quot;:{\\\&quot;entitlements\\\&quot;:[],\\\&quot;product_identifier\\\&quot;:\\\&quot;reels_4.99\\\&quot;}}}\\n\&quot;,\&quot;origin\&quot;:\&quot;CACHE\&quot;,\&quot;requestDate\&quot;:1759677055027,\&quot;verificationResult\&quot;:\&quot;NOT_REQUESTED\&quot;}&quot;}</string>
</map>
