<?xml version='1.0' encoding='utf-8' standalone='yes' ?>
<map>
    <long name="first_open_time" value="1759668585460" />
    <string name="gmp_app_id">1:234254249514:android:f5714a3ae8ff7549a99d53</string>
    <string name="app_instance_id">118ee251e6be977b4ae055fa16609cd4</string>
    <long name="session_id" value="1759668585" />
    <boolean name="app_backgrounded" value="true" />
    <long name="health_monitor:start" value="1759668414824" />
    <boolean name="use_service" value="true" />
    <long name="deferred_attribution_cache_timestamp" value="0" />
    <boolean name="deferred_analytics_collection" value="false" />
    <string name="previous_os_version">15</string>
    <boolean name="has_been_opened" value="true" />
    <boolean name="allow_remote_dynamite" value="true" />
    <long name="last_pause_time" value="1759668713332" />
    <boolean name="start_new_session" value="false" />
</map>
