<?xml version='1.0' encoding='utf-8' standalone='yes' ?>
<map>
    <long name="com.facebook.appevents.SessionInfo.sessionStartTime" value="1759686556211" />
    <string name="storefrontCacheKey">IN</string>
    <int name="com.facebook.appevents.SessionInfo.interruptionCount" value="1" />
    <string name="com.revenuecat.purchases.goog_DbsgCxjHJWZblwrslqFJzSvLMCC.wbvTWwoj9XcbtjWhKdqLn6fbLHb2">{&quot;request_date&quot;:&quot;2025-10-05T17:49:42Z&quot;,&quot;request_date_ms&quot;:1759686582939,&quot;subscriber&quot;:{&quot;entitlements&quot;:{},&quot;first_seen&quot;:&quot;2025-10-05T15:10:49Z&quot;,&quot;last_seen&quot;:&quot;2025-10-05T15:10:49Z&quot;,&quot;management_url&quot;:null,&quot;non_subscriptions&quot;:{},&quot;original_app_user_id&quot;:&quot;wbvTWwoj9XcbtjWhKdqLn6fbLHb2&quot;,&quot;original_application_version&quot;:null,&quot;original_purchase_date&quot;:null,&quot;other_purchases&quot;:{},&quot;subscriptions&quot;:{}},&quot;schema_version&quot;:3,&quot;verification_result&quot;:&quot;NOT_REQUESTED&quot;,&quot;customer_info_request_date&quot;:1759686582940}</string>
    <string name="com.applovin.sdk.impl.isFirstRun">true</string>
    <string name="com.facebook.appevents.SessionInfo.sessionId">ad87764e-57bb-4c28-8aee-a3180d61f221</string>
    <long name="com.facebook.appevents.SessionInfo.sessionEndTime" value="1759686586535" />
    <string name="com.revenuecat.purchases.goog_DbsgCxjHJWZblwrslqFJzSvLMCC.subscriberAttributes">{&quot;attributes&quot;:{&quot;5fnMSDcT49cHUiz8TRZLfaMmEZJ3&quot;:{&quot;$displayName&quot;:{&quot;key&quot;:&quot;$displayName&quot;,&quot;value&quot;:&quot;Anonymous&quot;,&quot;set_time&quot;:1759686558857,&quot;is_synced&quot;:true},&quot;$mixpanelDistinctId&quot;:{&quot;key&quot;:&quot;$mixpanelDistinctId&quot;,&quot;value&quot;:&quot;5fnMSDcT49cHUiz8TRZLfaMmEZJ3&quot;,&quot;set_time&quot;:1759686558861,&quot;is_synced&quot;:true},&quot;$gpsAdId&quot;:{&quot;key&quot;:&quot;$gpsAdId&quot;,&quot;value&quot;:&quot;b422aca6-53c1-41b5-a85a-d9d7ac46895f&quot;,&quot;set_time&quot;:1759686559285,&quot;is_synced&quot;:true},&quot;$ip&quot;:{&quot;key&quot;:&quot;$ip&quot;,&quot;value&quot;:&quot;true&quot;,&quot;set_time&quot;:1759686559285,&quot;is_synced&quot;:true},&quot;$deviceVersion&quot;:{&quot;key&quot;:&quot;$deviceVersion&quot;,&quot;value&quot;:&quot;true&quot;,&quot;set_time&quot;:1759686559285,&quot;is_synced&quot;:true},&quot;$appsflyerId&quot;:{&quot;key&quot;:&quot;$appsflyerId&quot;,&quot;value&quot;:&quot;1759686557528-4507368855272777535&quot;,&quot;set_time&quot;:1759686559291,&quot;is_synced&quot;:true}},&quot;wbvTWwoj9XcbtjWhKdqLn6fbLHb2&quot;:{&quot;$displayName&quot;:{&quot;key&quot;:&quot;$displayName&quot;,&quot;value&quot;:&quot;Anonymous&quot;,&quot;set_time&quot;:1759686581931,&quot;is_synced&quot;:false},&quot;$phoneNumber&quot;:{&quot;key&quot;:&quot;$phoneNumber&quot;,&quot;value&quot;:&quot;+919151311771&quot;,&quot;set_time&quot;:1759686581932,&quot;is_synced&quot;:false},&quot;$mixpanelDistinctId&quot;:{&quot;key&quot;:&quot;$mixpanelDistinctId&quot;,&quot;value&quot;:&quot;wbvTWwoj9XcbtjWhKdqLn6fbLHb2&quot;,&quot;set_time&quot;:1759686581932,&quot;is_synced&quot;:false},&quot;$appsflyerId&quot;:{&quot;key&quot;:&quot;$appsflyerId&quot;,&quot;value&quot;:&quot;1759686557528-4507368855272777535&quot;,&quot;set_time&quot;:1759686582184,&quot;is_synced&quot;:false},&quot;$gpsAdId&quot;:{&quot;key&quot;:&quot;$gpsAdId&quot;,&quot;value&quot;:&quot;b422aca6-53c1-41b5-a85a-d9d7ac46895f&quot;,&quot;set_time&quot;:1759686582184,&quot;is_synced&quot;:false},&quot;$ip&quot;:{&quot;key&quot;:&quot;$ip&quot;,&quot;value&quot;:&quot;true&quot;,&quot;set_time&quot;:1759686582184,&quot;is_synced&quot;:false},&quot;$deviceVersion&quot;:{&quot;key&quot;:&quot;$deviceVersion&quot;,&quot;value&quot;:&quot;true&quot;,&quot;set_time&quot;:1759686582184,&quot;is_synced&quot;:false}}}}</string>
    <boolean name="bg_startup_tracing" value="false" />
    <string name="com.facebook.appevents.UserDataStore.internalUserData"></string>
    <set name="com.revenuecat.purchases.goog_DbsgCxjHJWZblwrslqFJzSvLMCC.tokens" />
    <long name="com.revenuecat.purchases.goog_DbsgCxjHJWZblwrslqFJzSvLMCC.productEntitlementMappingLastUpdated" value="1759686565071" />
    <string name="com.facebook.appevents.UserDataStore.userData"></string>
    <string name="com.revenuecat.purchases.goog_DbsgCxjHJWZblwrslqFJzSvLMCC.new">wbvTWwoj9XcbtjWhKdqLn6fbLHb2</string>
    <string name="com.revenuecat.purchases.goog_DbsgCxjHJWZblwrslqFJzSvLMCC.productEntitlementMapping">{&quot;product_entitlement_mapping&quot;:{&quot;ad_free_999&quot;:{&quot;product_identifier&quot;:&quot;ad_free_999&quot;,&quot;base_plan_id&quot;:&quot;ad-free-base&quot;,&quot;entitlements&quot;:[&quot;Ad Free&quot;]},&quot;ad_free_999:ad-free-base&quot;:{&quot;product_identifier&quot;:&quot;ad_free_999&quot;,&quot;base_plan_id&quot;:&quot;ad-free-base&quot;,&quot;entitlements&quot;:[&quot;Ad Free&quot;]},&quot;ad_free_monthly_99&quot;:{&quot;product_identifier&quot;:&quot;ad_free_monthly_99&quot;,&quot;base_plan_id&quot;:&quot;ad-free-monthly-base&quot;,&quot;entitlements&quot;:[&quot;Ad Free Quarterly&quot;]},&quot;ad_free_monthly_99:ad-free-monthly-base&quot;:{&quot;product_identifier&quot;:&quot;ad_free_monthly_99&quot;,&quot;base_plan_id&quot;:&quot;ad-free-monthly-base&quot;,&quot;entitlements&quot;:[&quot;Ad Free Quarterly&quot;]},&quot;ad_free_quarterly&quot;:{&quot;product_identifier&quot;:&quot;ad_free_quarterly&quot;,&quot;base_plan_id&quot;:&quot;ad-free-base-quarterly&quot;,&quot;entitlements&quot;:[&quot;Ad Free Quarterly&quot;]},&quot;ad_free_quarterly:ad-free-base-quarterly&quot;:{&quot;product_identifier&quot;:&quot;ad_free_quarterly&quot;,&quot;base_plan_id&quot;:&quot;ad-free-base-quarterly&quot;,&quot;entitlements&quot;:[&quot;Ad Free Quarterly&quot;]},&quot;ad_free_quarterly_499&quot;:{&quot;product_identifier&quot;:&quot;ad_free_quarterly_499&quot;,&quot;base_plan_id&quot;:&quot;ad-free-quarterly-499-base&quot;,&quot;entitlements&quot;:[&quot;Ad Free Quarterly&quot;]},&quot;ad_free_quarterly_499:ad-free-quarterly-499-base&quot;:{&quot;product_identifier&quot;:&quot;ad_free_quarterly_499&quot;,&quot;base_plan_id&quot;:&quot;ad-free-quarterly-499-base&quot;,&quot;entitlements&quot;:[&quot;Ad Free Quarterly&quot;]},&quot;less_ads_399_prod&quot;:{&quot;product_identifier&quot;:&quot;less_ads_399_prod&quot;,&quot;base_plan_id&quot;:&quot;less-ads-base-plan&quot;,&quot;entitlements&quot;:[&quot;Reduced Ads&quot;]},&quot;less_ads_399_prod:less-ads-base-plan&quot;:{&quot;product_identifier&quot;:&quot;less_ads_399_prod&quot;,&quot;base_plan_id&quot;:&quot;less-ads-base-plan&quot;,&quot;entitlements&quot;:[&quot;Reduced Ads&quot;]},&quot;reels_1.99&quot;:{&quot;product_identifier&quot;:&quot;reels_1.99&quot;,&quot;entitlements&quot;:[]},&quot;reels_4.99&quot;:{&quot;product_identifier&quot;:&quot;reels_4.99&quot;,&quot;entitlements&quot;:[]}}}</string>
    <string name="com.facebook.appevents.AnalyticsUserIDStore.userID">wbvTWwoj9XcbtjWhKdqLn6fbLHb2</string>
    <long name="com.revenuecat.purchases.goog_DbsgCxjHJWZblwrslqFJzSvLMCC.purchaserInfoLastUpdated.wbvTWwoj9XcbtjWhKdqLn6fbLHb2" value="1759686581928" />
</map>
