<?xml version='1.0' encoding='utf-8' standalone='yes' ?>
<map>
    <string name="storefrontCacheKey">IN</string>
    <string name="com.revenuecat.purchases.goog_DbsgCxjHJWZblwrslqFJzSvLMCC.wbvTWwoj9XcbtjWhKdqLn6fbLHb2">{&quot;request_date&quot;:&quot;2025-10-05T15:50:39Z&quot;,&quot;request_date_ms&quot;:1759679439504,&quot;subscriber&quot;:{&quot;entitlements&quot;:{},&quot;first_seen&quot;:&quot;2025-10-05T15:10:49Z&quot;,&quot;last_seen&quot;:&quot;2025-10-05T15:10:49Z&quot;,&quot;management_url&quot;:null,&quot;non_subscriptions&quot;:{},&quot;original_app_user_id&quot;:&quot;wbvTWwoj9XcbtjWhKdqLn6fbLHb2&quot;,&quot;original_application_version&quot;:null,&quot;original_purchase_date&quot;:null,&quot;other_purchases&quot;:{},&quot;subscriptions&quot;:{}},&quot;schema_version&quot;:3,&quot;verification_result&quot;:&quot;NOT_REQUESTED&quot;,&quot;customer_info_request_date&quot;:1759679439504}</string>
    <string name="com.applovin.sdk.impl.isFirstRun">false</string>
    <string name="com.revenuecat.purchases.goog_DbsgCxjHJWZblwrslqFJzSvLMCC.subscriberAttributes">{&quot;attributes&quot;:{&quot;wbvTWwoj9XcbtjWhKdqLn6fbLHb2&quot;:{&quot;$displayName&quot;:{&quot;key&quot;:&quot;$displayName&quot;,&quot;value&quot;:&quot;&quot;,&quot;set_time&quot;:1759679437632,&quot;is_synced&quot;:true},&quot;$phoneNumber&quot;:{&quot;key&quot;:&quot;$phoneNumber&quot;,&quot;value&quot;:&quot;+919151311771&quot;,&quot;set_time&quot;:1759679070973,&quot;is_synced&quot;:true},&quot;$mixpanelDistinctId&quot;:{&quot;key&quot;:&quot;$mixpanelDistinctId&quot;,&quot;value&quot;:&quot;wbvTWwoj9XcbtjWhKdqLn6fbLHb2&quot;,&quot;set_time&quot;:1759679070973,&quot;is_synced&quot;:true},&quot;$appsflyerId&quot;:{&quot;key&quot;:&quot;$appsflyerId&quot;,&quot;value&quot;:&quot;1759679032004-2087502938911469636&quot;,&quot;set_time&quot;:1759679071253,&quot;is_synced&quot;:true},&quot;$gpsAdId&quot;:{&quot;key&quot;:&quot;$gpsAdId&quot;,&quot;value&quot;:&quot;b422aca6-53c1-41b5-a85a-d9d7ac46895f&quot;,&quot;set_time&quot;:1759679071253,&quot;is_synced&quot;:true},&quot;$ip&quot;:{&quot;key&quot;:&quot;$ip&quot;,&quot;value&quot;:&quot;true&quot;,&quot;set_time&quot;:1759679071253,&quot;is_synced&quot;:true},&quot;$deviceVersion&quot;:{&quot;key&quot;:&quot;$deviceVersion&quot;,&quot;value&quot;:&quot;true&quot;,&quot;set_time&quot;:1759679071253,&quot;is_synced&quot;:true},&quot;$email&quot;:{&quot;key&quot;:&quot;$email&quot;,&quot;value&quot;:&quot;&quot;,&quot;set_time&quot;:1759679437634,&quot;is_synced&quot;:true}}}}</string>
    <boolean name="bg_startup_tracing" value="false" />
    <string name="com.facebook.appevents.UserDataStore.internalUserData"></string>
    <set name="com.revenuecat.purchases.goog_DbsgCxjHJWZblwrslqFJzSvLMCC.tokens" />
    <long name="com.revenuecat.purchases.goog_DbsgCxjHJWZblwrslqFJzSvLMCC.productEntitlementMappingLastUpdated" value="1759679041248" />
    <string name="com.facebook.appevents.UserDataStore.userData"></string>
    <string name="com.revenuecat.purchases.goog_DbsgCxjHJWZblwrslqFJzSvLMCC.new">wbvTWwoj9XcbtjWhKdqLn6fbLHb2</string>
    <string name="com.revenuecat.purchases.goog_DbsgCxjHJWZblwrslqFJzSvLMCC.productEntitlementMapping">{&quot;product_entitlement_mapping&quot;:{&quot;ad_free_999&quot;:{&quot;product_identifier&quot;:&quot;ad_free_999&quot;,&quot;base_plan_id&quot;:&quot;ad-free-base&quot;,&quot;entitlements&quot;:[&quot;Ad Free&quot;]},&quot;ad_free_999:ad-free-base&quot;:{&quot;product_identifier&quot;:&quot;ad_free_999&quot;,&quot;base_plan_id&quot;:&quot;ad-free-base&quot;,&quot;entitlements&quot;:[&quot;Ad Free&quot;]},&quot;ad_free_monthly_99&quot;:{&quot;product_identifier&quot;:&quot;ad_free_monthly_99&quot;,&quot;base_plan_id&quot;:&quot;ad-free-monthly-base&quot;,&quot;entitlements&quot;:[&quot;Ad Free Quarterly&quot;]},&quot;ad_free_monthly_99:ad-free-monthly-base&quot;:{&quot;product_identifier&quot;:&quot;ad_free_monthly_99&quot;,&quot;base_plan_id&quot;:&quot;ad-free-monthly-base&quot;,&quot;entitlements&quot;:[&quot;Ad Free Quarterly&quot;]},&quot;ad_free_quarterly&quot;:{&quot;product_identifier&quot;:&quot;ad_free_quarterly&quot;,&quot;base_plan_id&quot;:&quot;ad-free-base-quarterly&quot;,&quot;entitlements&quot;:[&quot;Ad Free Quarterly&quot;]},&quot;ad_free_quarterly:ad-free-base-quarterly&quot;:{&quot;product_identifier&quot;:&quot;ad_free_quarterly&quot;,&quot;base_plan_id&quot;:&quot;ad-free-base-quarterly&quot;,&quot;entitlements&quot;:[&quot;Ad Free Quarterly&quot;]},&quot;ad_free_quarterly_499&quot;:{&quot;product_identifier&quot;:&quot;ad_free_quarterly_499&quot;,&quot;base_plan_id&quot;:&quot;ad-free-quarterly-499-base&quot;,&quot;entitlements&quot;:[&quot;Ad Free Quarterly&quot;]},&quot;ad_free_quarterly_499:ad-free-quarterly-499-base&quot;:{&quot;product_identifier&quot;:&quot;ad_free_quarterly_499&quot;,&quot;base_plan_id&quot;:&quot;ad-free-quarterly-499-base&quot;,&quot;entitlements&quot;:[&quot;Ad Free Quarterly&quot;]},&quot;less_ads_399_prod&quot;:{&quot;product_identifier&quot;:&quot;less_ads_399_prod&quot;,&quot;base_plan_id&quot;:&quot;less-ads-base-plan&quot;,&quot;entitlements&quot;:[&quot;Reduced Ads&quot;]},&quot;less_ads_399_prod:less-ads-base-plan&quot;:{&quot;product_identifier&quot;:&quot;less_ads_399_prod&quot;,&quot;base_plan_id&quot;:&quot;less-ads-base-plan&quot;,&quot;entitlements&quot;:[&quot;Reduced Ads&quot;]},&quot;reels_1.99&quot;:{&quot;product_identifier&quot;:&quot;reels_1.99&quot;,&quot;entitlements&quot;:[]},&quot;reels_4.99&quot;:{&quot;product_identifier&quot;:&quot;reels_4.99&quot;,&quot;entitlements&quot;:[]}}}</string>
    <string name="com.facebook.appevents.AnalyticsUserIDStore.userID">wbvTWwoj9XcbtjWhKdqLn6fbLHb2</string>
    <long name="com.revenuecat.purchases.goog_DbsgCxjHJWZblwrslqFJzSvLMCC.purchaserInfoLastUpdated.wbvTWwoj9XcbtjWhKdqLn6fbLHb2" value="1759679438504" />
</map>
