<?xml version='1.0' encoding='utf-8' standalone='yes' ?>
<map>
    <string name="com.applovin.sdk.P_OL.fetch_settings_backup_endpoint">https://ms.applvn.com/</string>
    <string name="com.applovin.sdk.P_OL.api_backup_endpoint">https://d.applvn.com/</string>
    <string name="com.applovin.sdk.P_OL.plugin_version">13.3.1.0</string>
    <string name="com.applovin.sdk.P_OL.device_token">MaznYs97JTiqaqEwnZGZ5iux575Xa5Tq8aUfAG-96J_BLWLBqB7xVRNuItUcrlKwdaa5NBzNSgQ9qsdQ4aTgf9ToaMcMOdLvCmNuOzkF9TvQ5HpeORR1V5CnO8UwopK3hwj3pX18FQXLnaVrC_KDGcoqjFPYM7l70iGI14R6p8A=</string>
    <string name="com.applovin.sdk.P_OL.device_id">10e128e8a530e249e4</string>
    <string name="com.applovin.sdk.P_OL.sc">JtyJ%2FBsWvpH8G1SeDhUgFsDl9s62ZgA%3D</string>
    <boolean name="com.applovin.sdk.P_OL.is_verbose_logging" value="false" />
    <string name="com.applovin.sdk.P_OL.api_endpoint">https://d.applovin.com/</string>
    <string name="com.applovin.sdk.P_OL.fetch_settings_endpoint">https://ms.applovin.com/</string>
</map>
