<?xml version='1.0' encoding='utf-8' standalone='yes' ?>
<map>
    <string name="usernumber">9151311771</string>
    <string name="uid">9151311771</string>
    <string name="country">India</string>
    <string name="userpic">No image</string>
    <string name="loginvia">Phone Number</string>
    <string name="countrycode">+91</string>
    <string name="sign">yes</string>
    <string name="subscription">nope</string>
    <string name="username">ANK</string>
    <string name="useremail">No email</string>
</map>
