<?xml version='1.0' encoding='utf-8' standalone='yes' ?>
<map>
    <long name="fire-count" value="1" />
    <string name="last-used-date">2025-10-05</string>
    <long name="fire-global" value="1759668580142" />
    <set name="kotlin/2.0.21 fire-installations/18.0.0 device-model/Asteroids device-name/AsteroidsIND fire-abt/21.1.1 fire-android/35 fire-core/21.0.0 fire-core-ktx/21.0.0 fire-analytics/22.2.0 android-installer/com.google.android.packageinstaller fire-perf/21.0.4 device-brand/Nothing android-platform/ fire-rc/21.5.0 android-min-sdk/21 fire-fcm/24.1.0 android-target-sdk/35 fire-sessions/2.0.8 fire-transport/19.0.0 fire-cls/19.4.0">
        <string>2025-10-05</string>
    </set>
</map>
