<?xml version='1.0' encoding='utf-8' standalone='yes' ?>
<map>
    <set name="fire-cls/19.0.3 fire-installations/18.0.0 device-model/Asteroids android-min-sdk/23 fire-rc/22.0.0 device-name/AsteroidsIND kotlin/2.0.0 fire-abt/21.1.1 fire-android/35 fire-core/21.0.0 fire-core-ktx/21.0.0 fire-perf/21.0.1 fire-analytics-ktx/22.0.2 fire-analytics/22.0.2 android-installer/com.google.android.packageinstaller fire-fst/25.0.0 device-brand/Nothing android-platform/ fire-cfg-ktx/22.0.0 fire-sessions/2.0.3 fire-fcm/24.0.0 fire-transport/19.0.0 android-target-sdk/34">
        <string>2025-09-30</string>
    </set>
    <long name="fire-count" value="1" />
    <string name="last-used-date">2025-09-30</string>
    <long name="fire-global" value="1759224944441" />
</map>
