<?xml version='1.0' encoding='utf-8' standalone='yes' ?>
<map>
    <long name="fire-count" value="1" />
    <string name="last-used-date">2025-10-08</string>
    <long name="fire-global" value="1759953477055" />
    <set name="fire-cls/19.0.3 device-model/Asteroids fire-installations/18.0.0 fire-rc/22.0.0 android-min-sdk/23 kotlin/2.0.0 device-name/AsteroidsIND fire-abt/21.1.1 fire-android/35 fire-core/21.0.0 fire-perf/21.0.1 fire-core-ktx/21.0.0 fire-analytics-ktx/22.0.2 fire-fst/25.0.0 android-installer/com.google.android.packageinstaller fire-analytics/22.0.2 device-brand/Nothing android-platform/ fire-cfg-ktx/22.0.0 fire-sessions/2.0.3 fire-fcm/24.0.0 fire-transport/19.0.0 android-target-sdk/34">
        <string>2025-10-08</string>
    </set>
</map>
