<?xml version='1.0' encoding='utf-8' standalone='yes' ?>
<map>
    <long name="fire-count" value="1" />
    <string name="last-used-date">2025-09-05</string>
    <set name="kotlin/2.0.21 fire-installations/18.0.0 device-model/Asteroids android-min-sdk/26 fire-analytics/21.3.0 device-name/AsteroidsIND fire-android/35 fire-core/21.0.0 fire-core-ktx/21.0.0 fire-iid/20.1.6 android-installer/com.google.android.packageinstaller device-brand/Nothing fire-cls-ndk/19.4.4 android-platform/ fire-cls/19.4.4 fire-sessions/2.1.2 fire-fcm/20.1.6 android-target-sdk/35 fire-transport/19.0.0">
        <string>2025-09-05</string>
    </set>
    <long name="fire-global" value="1757089502184" />
</map>
