<?xml version='1.0' encoding='utf-8' standalone='yes' ?>
<map>
    <set name="fire-transport/18.2.0 fire-installations/18.0.0 fire-cls/19.0.0 fire-rc/22.0.0 fire-dl/22.0.0 fire-abt/21.1.1 fire-core/21.0.0 fire-core-ktx/21.0.0 fire-sessions/2.0.0 android-installer/com.google.android.packageinstaller device-brand/Nothing android-platform/ fire-dl-ktx/22.0.0 android-target-sdk/34 kotlin/2.0.20 device-model/Asteroids android-min-sdk/22 device-name/AsteroidsIND fire-vertex/16.0.0-beta04 fire-android/35 fire-iid/21.1.0 fire-perf/21.0.0 fire-analytics/22.0.0 fire-fcm/24.0.0">
        <string>2025-09-20</string>
    </set>
    <long name="fire-count" value="1" />
    <string name="last-used-date">2025-09-20</string>
    <long name="fire-global" value="1758395972212" />
</map>
