<?xml version='1.0' encoding='utf-8' standalone='yes' ?>
<map>
    <set name="android-min-sdk/28 kotlin/2.1.21 fire-installations/18.0.0 fire-transport/18.2.0 device-model/Asteroids device-name/AsteroidsIND fire-android/35 fire-core/21.0.0 fire-core-ktx/21.0.0 fire-fcm/24.1.1 android-installer/com.google.android.packageinstaller device-brand/Nothing android-platform/ android-target-sdk/35">
        <string>2025-10-02</string>
    </set>
    <set name="android-min-sdk/28 kotlin/2.1.21 fire-transport/18.2.0 fire-installations/18.0.0 device-name/GalaxySuperX device-brand/Ank_Custom_Brand fire-core/21.0.0 fire-android/30 fire-core-ktx/21.0.0 fire-fcm/24.1.1 android-installer/com.google.android.packageinstaller android-platform/ device-model/Nothing android-target-sdk/35">
        <string>2025-10-03</string>
    </set>
    <long name="fire-count" value="2" />
    <string name="last-used-date">2025-10-03</string>
    <long name="fire-global" value="1759435271575" />
</map>
