<?xml version='1.0' encoding='utf-8' standalone='yes' ?>
<map>
    <long name="fire-count" value="1" />
    <string name="last-used-date">2025-08-26</string>
    <long name="fire-global" value="1756198794773" />
    <set name="fire-installations/18.0.0 fire-rc/22.1.2 fire-dl/22.1.0 kotlin/2.1.0 fire-app-check/18.0.0 fire-android/29 fire-abt/21.1.1 fire-gcs/21.0.2 fire-core/21.0.0 fire-core-ktx/21.0.0 android-installer/com.google.android.packageinstaller android-platform/ android-target-sdk/35 fire-transport/19.0.0 fire-sessions/2.0.7 device-brand/Redmi android-min-sdk/23 device-name/dandelion_in fire-auth/23.2.1 fire-rtdb/21.0.0 fire-fcm/24.1.2 fire-perf/21.0.5 fire-analytics/22.5.0 device-model/dandelion">
        <string>2025-08-26</string>
    </set>
</map>
