<?xml version='1.0' encoding='utf-8' standalone='yes' ?>
<map>
    <long name="fire-count" value="1" />
    <string name="last-used-date">2025-10-07</string>
    <set name="kotlin/2.0.10 fire-cls/19.3.0 fire-installations/18.0.0 device-model/Asteroids android-min-sdk/24 fire-fcm/23.1.2 device-name/AsteroidsIND fire-analytics/21.5.1 fire-cls-ndk/19.3.0 fire-android/35 fire-core/21.0.0 fire-core-ktx/21.0.0 fire-sessions/2.0.1 android-installer/com.google.android.packageinstaller device-brand/Nothing android-platform/ fire-transport/18.1.8 android-target-sdk/36">
        <string>2025-10-07</string>
    </set>
    <long name="fire-global" value="1759853064504" />
</map>
