<?xml version='1.0' encoding='utf-8' standalone='yes' ?>
<map>
    <string name="flutter.MIXPANEL_DISTINCT_ID">$device:67a1f4cc-6e5f-4025-98fc-086a65ff393f</string>
    <string name="flutter.countryCode">IN</string>
    <boolean name="flutter.appsflyerDeepLinked" value="true" />
    <boolean name="flutter.hasClickedMyShowsNotifications" value="false" />
    <string name="flutter.lastSessionId">4ca34d80-a21c-11f0-9a7e-79383329e521</string>
    <string name="flutter.alternateTrialScreen">&quot;true&quot;</string>
    <string name="flutter.supportBot">true</string>
    <string name="flutter.homeRevampRollout">&quot;false&quot;</string>
    <boolean name="flutter.onboardingShown" value="true" />
    <string name="flutter.PREFERRED_LANGUAGE">hi</string>
    <boolean name="flutter.firstSession" value="false" />
    <boolean name="flutter.didShowFirstNotificationPrompt" value="true" />
    <boolean name="flutter.didShowNotificationPrompt" value="true" />
    <long name="flutter.lastSessionStartTime" value="1759690287704" />
    <boolean name="flutter.firstTimeLaunch" value="false" />
    <string name="flutter.languages">VGhpcyBpcyB0aGUgcHJlZml4IGZvciBhIGxpc3Qu![&quot;Hindi&quot;]</string>
    <string name="flutter.subscriptionVariant">&quot;D&quot;</string>
    <long name="flutter.lastLoadProductGatewaySubscriptionsTimestamp" value="1759690303038" />
    <string name="flutter.downsellSubscription">{&quot;price&quot;:99,&quot;id&quot;:&quot;ad_free_monthly_99&quot;,&quot;tenure&quot;:&quot;/ month&quot;}</string>
    <string name="flutter.startOnExplore">&quot;false&quot;</string>
</map>
