<?xml version='1.0' encoding='utf-8' standalone='yes' ?>
<map>
    <string name="flutter.MIXPANEL_DISTINCT_ID">wbvTWwoj9XcbtjWhKdqLn6fbLHb2</string>
    <string name="flutter.countryCode">IN</string>
    <string name="flutter.CAMPAIGN_TYPE">ORGANIC</string>
    <boolean name="flutter.appsflyerDeepLinked" value="true" />
    <boolean name="flutter.hasClickedMyShowsNotifications" value="false" />
    <string name="flutter.lastSessionId">f0445c70-a20a-11f0-aebf-4fe481948ab6</string>
    <string name="flutter.alternateTrialScreen">&quot;true&quot;</string>
    <string name="flutter.supportBot">true</string>
    <string name="flutter.homeRevampRollout">&quot;false&quot;</string>
    <string name="flutter.PREFERRED_LANGUAGE">hi</string>
    <boolean name="flutter.onboardingShown" value="true" />
    <boolean name="flutter.firstSession" value="false" />
    <boolean name="flutter.didShowFirstNotificationPrompt" value="true" />
    <boolean name="flutter.didShowNotificationPrompt" value="true" />
    <long name="flutter.lastSessionStartTime" value="1759682831287" />
    <boolean name="flutter.firstTimeLaunch" value="false" />
    <string name="flutter.languages">VGhpcyBpcyB0aGUgcHJlZml4IGZvciBhIGxpc3Qu![&quot;Hindi&quot;]</string>
    <string name="flutter.subscriptionVariant">&quot;D&quot;</string>
    <long name="flutter.lastLoadProductGatewaySubscriptionsTimestamp" value="1759682872975" />
    <string name="flutter.downsellSubscription">{&quot;price&quot;:99,&quot;id&quot;:&quot;ad_free_monthly_99&quot;,&quot;tenure&quot;:&quot;/ month&quot;}</string>
    <string name="flutter.startOnExplore">&quot;false&quot;</string>
</map>
