<?xml version='1.0' encoding='utf-8' standalone='yes' ?>
<map>
    <int name="num_failed_realtime_streams" value="0" />
    <long name="last_template_version" value="376" />
    <long name="realtime_backoff_end_time_in_millis" value="-1" />
    <int name="last_fetch_status" value="-1" />
    <string name="last_fetch_etag">etag-800795916999-firebase-fetch-357310471</string>
    <long name="backoff_end_time_in_millis" value="-1" />
    <long name="last_fetch_time_in_millis" value="1759676691367" />
    <int name="num_failed_fetches" value="0" />
</map>
