<?xml version='1.0' encoding='utf-8' standalone='yes' ?>
<map>
    <string name="userLangPref">1,6,</string>
    <boolean name="pref_volume" value="true" />
    <string name="phoneNumber">8009048738</string>
    <boolean name="first_time_navigation_open" value="true" />
    <int name="MEDIA_SELECTION_INDEX" value="-1" />
    <boolean name="first_time_video_open" value="true" />
    <int name="MEDIA_GROUP_INDEX" value="-1" />
    <boolean name="MAP_KEY_SESSION" value="true" />
    <string name="fcmtoken">dEyMS2cg3T_bYtXJgoz2T0:APA91bHs17y-26ob0hqLlknsVbAOSMD9Qyiw7bUs2VsDUGG8bHIa9aYJYscFV59lSUVsLW8TWQokAxGD1-QlZQLLDB375gw5Q1KyRzdKg858fxjoxZVhdRs</string>
    <boolean name="program_detail_already" value="true" />
    <string name="COUPON_DATA"></string>
</map>
