<?xml version='1.0' encoding='utf-8' standalone='yes' ?>
<map>
    <string name="userLangPref">1,6,</string>
    <boolean name="pref_volume" value="true" />
    <string name="phoneNumber">8009048738</string>
    <boolean name="first_time_navigation_open" value="true" />
    <boolean name="first_time_video_open" value="true" />
    <boolean name="MAP_KEY_SESSION" value="true" />
    <string name="fcmtoken">flDsurTmSR6wkd9_9cCjQy:APA91bG01Y1bohfRm4Bziz3x7Q4bk4Lp9Qe3nWzykXPq6E2cxLBpSoHdkbzHAJFoTVWiWOKjwJ48S6EJnGFQuGwUHN-crEAKdyMlMA1G_GOMbod-elg2RUQ</string>
    <boolean name="program_detail_already" value="true" />
    <string name="COUPON_DATA"></string>
</map>
