<?xml version='1.0' encoding='utf-8' standalone='yes' ?>
<map>
    <string name="userLangPref">1,6,12</string>
    <string name="contentLangIP">Bhojpuri</string>
    <boolean name="pref_volume" value="true" />
    <string name="phoneNumber">8009048738</string>
    <boolean name="first_time_navigation_open" value="true" />
    <int name="MEDIA_SELECTION_INDEX" value="-1" />
    <boolean name="first_time_video_open" value="true" />
    <int name="MEDIA_GROUP_INDEX" value="-1" />
    <boolean name="MAP_KEY_SESSION" value="true" />
    <string name="fcmtoken">f6FoczRAT1WiIaWQvucCJH:APA91bFYLQHZG-bV8lGVRH61Z5iEhzqn3837XY4daK2qxLrEih0nwGd4m1rGTgiBek6qQLAm-k9i5isCVBYE-LyrUohb_FK3-p8Cwez0E50D-eK7xYIptiI</string>
    <boolean name="program_detail_already" value="true" />
    <string name="COUPON_DATA"></string>
</map>
