<?xml version='1.0' encoding='utf-8' standalone='yes' ?>
<map>
    <string name="track_subtitle">Butterfly (From &quot;Jab Harry Met Sejal&quot;) — Pritam, Dev Negi, Sunidhi Chauhan, Aaman Trikha, Nooran Sisters, Pritam, Dev Negi, Sunidhi Chauhan, Aaman Trikha &amp; Nooran Sisters</string>
    <string name="track_id">DbMLLHUE</string>
    <string name="track_title">Butterfly (From &quot;Jab Harry Met Sejal&quot;)</string>
    <string name="track_image_url">https://c-origin.saavncdn.com/859/Butterfly-From-Jab-Harry-Met-Sejal-Hindi-2017-150x150.jpg</string>
</map>
