<?xml version='1.0' encoding='utf-8' standalone='yes' ?>
<map>
    <string name="path">https://api2.ottplay.com/api/v4.5/mobile/liveTV/list?filter=free&amp;group_by=free&amp;limit=10&amp;page=1&amp;random_id=3202</string>
    <string name="headers">{&quot;client_id&quot;:&quot;1704917897745&quot;,&quot;device_id&quot;:&quot;85c6b4ff35b2aa2a&quot;,&quot;profile_id&quot;:&quot;68fcb5abef755d3b195e0820&quot;,&quot;auth&quot;:&quot;53W2W3WVJKRDX25DPFKBIRIOQJHUHUV54D3RTU5LDVL7XYDUEIXLSQAO2QNFN44R5MIGK5HBQ7G5BZ5WZW2URDKIEPLWPGKRFT6JALA=&quot;,&quot;platform&quot;:&quot;android&quot;}</string>
    <string name="body">{&quot;device_id&quot;:&quot;85c6b4ff35b2aa2a&quot;,&quot;device_name&quot;:&quot;Nothing Phone (3a)&quot;,&quot;device_media&quot;:[]}</string>
    <string name="lastInteraction">External/i.imgur.com</string>
</map>
