<?xml version='1.0' encoding='utf-8' standalone='yes' ?>
<map>
    <string name="path">https://api2.ottplay.com/api/v4.7/mobile/ranking/?module_name=Subscription&amp;platform=android&amp;limit=5&amp;section=widget_india_tour_of_australia_2025&amp;pin_it=true&amp;title=India Tour of Australia 2025&amp;template_name=sports_highlights&amp;page=1&amp;lang_pref=false&amp;language=false&amp;language_id=null&amp;genre=false&amp;genre_id=undefined&amp;provider=false&amp;provider_id=null&amp;randomId=741</string>
    <string name="headers">{&quot;Content-Type&quot;:&quot;application/json&quot;,&quot;client_id&quot;:1704917897745,&quot;Authorization&quot;:&quot;Bearer 34B7FBD24B97D7A4CF717D414F2A8&quot;,&quot;auth&quot;:&quot;VE2YMGWPGOIJSXGKVM2J6DHHJZAJFWGP7TAD3C4LXG3Q5FPCGVGRTRDSNI4DBUOT4RKT63FBORTWGNHFQWI6ZNWIH2MWY6MZYS6G32Y=&quot;,&quot;profile_id&quot;:&quot;68fcb5abef755d3b195e0820&quot;,&quot;device_id&quot;:&quot;85c6b4ff35b2aa2a&quot;,&quot;appVersion&quot;:&quot;0.37.65(2)&quot;,&quot;pc_type&quot;:&quot;false&quot;,&quot;plan_code&quot;:&quot;undefined&quot;,&quot;apiVersion&quot;:3}</string>
    <string name="body">{}</string>
    <string name="lastInteraction">Display zzd</string>
</map>
