<?xml version='1.0' encoding='utf-8' standalone='yes' ?>
<map>
    <string name="PN_registration_id">cPsAF5G0SvWuctHL2QDfSX:APA91bEmT0XARmI2954pKS5ITL4Sm-0Xo8lWJJ_XmW60-Uo0ZNTYpHtyF2_t3KetE2FLK3Vj6bEh1zJs2RBvKpH9DSmBihepoTUkoGG7KpakCSn9-0oIYgE</string>
    <boolean name="isHfrSupported_Cache" value="true" />
    <boolean name="isReferrerValueSet" value="true" />
    <string name="PN_OS_version">15</string>
    <string name="playbackSupportInfo_Cache">SUPPORTED_HARDWARE</string>
    <string name="deviceVideoCodecOverride_Cache">H264;H265</string>
    <boolean name="hasWANSupportBeenDetected" value="true" />
    <boolean name="activityCrash_LastCrashingIsInForeground" value="false" />
    <string name="activityCrash_LastThrowableStackTrace"></string>
    <string name="PN_app_version">3.0.425.1147</string>
    <boolean name="PN_registered_successfully_with_MPRS" value="true" />
    <string name="PN_OS_notification_state">ACTIVE</string>
    <int name="PN_sequence_number_int" value="2" />
    <string name="activityCrash_LastThrowableMessage"></string>
    <boolean name="isHdrSupported_Cache" value="false" />
    <boolean name="isUhdSupported_Cache" value="false" />
    <string name="activityCrash_LastOwner">CLIENT</string>
    <boolean name="EventSync_shouldForceProcess" value="false" />
    <string name="PN_application_install_id">EU:amazonaiv:5721c2d1-6a03-4d0e-b3e4-78766253cfbc</string>
    <boolean name="isDolyDigitalPlusSupported_Cache" value="false" />
    <string name="activityCrash_LastThrowableCause"></string>
    <boolean name="isHevcSupported_Cache" value="true" />
    <boolean name="isPlaybackSupportCached" value="true" />
    <string name="deviceBitrateAdaptationsOverride_Cache">CBR;CVBR</string>
    <string name="playStoreInstallReferrer">utm_source=google-play&amp;utm_medium=organic</string>
    <boolean name="isHdSupported_Cache" value="true" />
    <boolean name="activityCrash_HasCrashToReport" value="false" />
</map>
