<?xml version='1.0' encoding='utf-8' standalone='yes' ?>
<map>
    <string name="PN_registration_id">e8iwAZxORCKfiqDIOkf6cT:APA91bFBv0twPiSIVU49dcCSUVuyePdB71HYhcoHfe_WIKQWTSX3DKyTXmp0LEKQFrdKwFgrd1FmRZD-x8WI5VBuOLRJQgg-9wHZ1yyiNYEWnxHrBjuNSRw</string>
    <boolean name="isHfrSupported_Cache" value="true" />
    <boolean name="isReferrerValueSet" value="true" />
    <string name="PN_OS_version">15</string>
    <string name="playbackSupportInfo_Cache">SUPPORTED_HARDWARE</string>
    <string name="deviceVideoCodecOverride_Cache">H264;H265</string>
    <boolean name="hasWANSupportBeenDetected" value="true" />
    <boolean name="activityCrash_LastCrashingIsInForeground" value="false" />
    <string name="activityCrash_LastThrowableStackTrace"></string>
    <string name="PN_app_version">3.0.425.1147</string>
    <boolean name="PN_registered_successfully_with_MPRS" value="true" />
    <string name="PN_OS_notification_state">ACTIVE</string>
    <int name="PN_sequence_number_int" value="2" />
    <boolean name="isHdrSupported_Cache" value="false" />
    <string name="activityCrash_LastThrowableMessage"></string>
    <boolean name="isUhdSupported_Cache" value="false" />
    <string name="activityCrash_LastOwner">CLIENT</string>
    <boolean name="EventSync_shouldForceProcess" value="true" />
    <string name="PN_application_install_id">EU:amazonaiv:33370cbd-1728-4727-9e3a-f51797ce9801</string>
    <boolean name="isDolyDigitalPlusSupported_Cache" value="false" />
    <string name="activityCrash_LastThrowableCause"></string>
    <boolean name="isHevcSupported_Cache" value="true" />
    <boolean name="isPlaybackSupportCached" value="true" />
    <string name="deviceBitrateAdaptationsOverride_Cache">CBR;CVBR</string>
    <string name="playStoreInstallReferrer">utm_source=google-play&amp;utm_medium=organic</string>
    <boolean name="isHdSupported_Cache" value="true" />
    <boolean name="activityCrash_HasCrashToReport" value="false" />
</map>
