<?xml version='1.0' encoding='utf-8' standalone='yes' ?>
<map>
    <string name="user_session">{&quot;session_id&quot;:&quot;f8f14366-15eb-4e6b-a5bf-931cf129eb46&quot;,&quot;start_time&quot;:&quot;2025-10-25T19:21:36.890Z&quot;,&quot;last_interaction_time&quot;:1761420096890}</string>
    <int name="appVersion" value="370650002" />
    <long name="events_batch_number" value="1" />
    <long name="last_event_sync_time" value="1761420145275" />
    <string name="APP_UUID">06a0b454-46f9-4bc4-881a-9aeb777772e5</string>
    <boolean name="pref_installed" value="true" />
    <long name="last_config_sync_time" value="1761420097507" />
    <string name="user_attribute_unique_id">1704917897745</string>
</map>
