<?xml version='1.0' encoding='utf-8' standalone='yes' ?>
<map>
    <long name="app_launch_counter" value="1" />
    <string name="device_id_new">YyylYts19NR1GnqWVLSI1VyJnienvB1gnXph5GTxFn8%3D</string>
    <long name="lastActiveTime" value="1759216207323" />
    <string name="user_type">free</string>
    <int name="app_version" value="4000185" />
    <string name="session_referrer"></string>
    <int name="expiration_time" value="0" />
    <string name="advertising_id">b422aca6-53c1-41b5-a85a-d9d7ac46895f</string>
    <string name="display_sdk_language">english</string>
    <string name="sessionid">YyylYts19NR1GnqWVLSI1VyJnienvB1gnXph5GTxFn8%3D.1759216179</string>
    <int name="user_state" value="1" />
</map>
