<?xml version='1.0' encoding='utf-8' standalone='yes' ?>
<map>
    <string name="auid">09c9765f-894b-43b3-a9a5-f4fe693a7121</string>
    <string name="search_keys">{&quot;success&quot;:&quot;&quot;,&quot;fail&quot;:&quot;&quot;,&quot;searchKeys&quot;:[&quot;market://&quot;,&quot;play.google.com&quot;],&quot;acknowledgeWith&quot;:&quot;acknowledgeMessage&quot;,&quot;declineWith&quot;:&quot;errorTest&quot;}</string>
    <string name="ssaGlobalAppData">{&quot;controllerVersion&quot;:&quot;3031&quot;}</string>
    <string name="version">8.9.1</string>
    <string name="unityads-idfi">c63be720-475b-4f0a-8598-78bb2d0db876</string>
</map>
