<?xml version='1.0' encoding='utf-8' standalone='yes' ?>
<map>
    <string name="auid">05529f4b-be40-4d0f-a28d-7f7e0c63336b</string>
    <string name="search_keys">{&quot;success&quot;:&quot;&quot;,&quot;fail&quot;:&quot;&quot;,&quot;searchKeys&quot;:[&quot;market://&quot;,&quot;play.google.com&quot;],&quot;acknowledgeWith&quot;:&quot;acknowledgeMessage&quot;,&quot;declineWith&quot;:&quot;errorTest&quot;}</string>
    <string name="ssaGlobalAppData">{&quot;controllerVersion&quot;:&quot;3031&quot;}</string>
    <string name="version">8.9.1</string>
    <string name="unityads-idfi">d23790fb-cd61-4ada-a5f3-20c852e57b2e</string>
</map>
