<?xml version='1.0' encoding='utf-8' standalone='yes' ?>
<map>
    <string name="auid">e53e571d-1666-4c9e-b45a-cba3b62ac20e</string>
    <string name="search_keys">{&quot;success&quot;:&quot;&quot;,&quot;fail&quot;:&quot;&quot;,&quot;searchKeys&quot;:[&quot;market://&quot;,&quot;play.google.com&quot;],&quot;acknowledgeWith&quot;:&quot;acknowledgeMessage&quot;,&quot;declineWith&quot;:&quot;errorTest&quot;}</string>
    <string name="ssaGlobalAppData">{&quot;controllerVersion&quot;:&quot;3031&quot;}</string>
    <string name="version">8.9.1</string>
    <string name="unityads-idfi">77ee6a7b-8dc9-430d-95bd-e435aa29ef64</string>
</map>
