<?xml version='1.0' encoding='utf-8' standalone='yes' ?>
<map>
    <string name="auid">cf930487-f261-48e9-a9f5-03baacf8c96b</string>
    <string name="search_keys">{&quot;success&quot;:&quot;&quot;,&quot;fail&quot;:&quot;&quot;,&quot;searchKeys&quot;:[&quot;market://&quot;,&quot;play.google.com&quot;],&quot;acknowledgeWith&quot;:&quot;acknowledgeMessage&quot;,&quot;declineWith&quot;:&quot;errorTest&quot;}</string>
    <string name="ssaGlobalAppData">{&quot;controllerVersion&quot;:&quot;3031&quot;}</string>
    <string name="version">8.9.1</string>
    <string name="unityads-idfi">837ee93e-02d0-4bbd-9bc8-5145f4dd77ab</string>
</map>
