<?xml version='1.0' encoding='utf-8' standalone='yes' ?>
<map>
    <string name="auid">1e529f2c-d85a-4956-a78c-7e5122cd2980</string>
    <string name="search_keys">{&quot;success&quot;:&quot;&quot;,&quot;fail&quot;:&quot;&quot;,&quot;searchKeys&quot;:[&quot;market://&quot;,&quot;play.google.com&quot;],&quot;acknowledgeWith&quot;:&quot;acknowledgeMessage&quot;,&quot;declineWith&quot;:&quot;errorTest&quot;}</string>
    <string name="ssaGlobalAppData">{&quot;controllerVersion&quot;:&quot;3031&quot;}</string>
    <string name="version">8.9.1</string>
    <string name="unityads-idfi">540a5121-d3b0-4c5c-bf2c-34059215fc5e</string>
</map>
