<?xml version='1.0' encoding='utf-8' standalone='yes' ?>
<map>
    <string name="auid">e9f857bf-e513-4935-bdbb-4a10d97fee8e</string>
    <string name="search_keys">{&quot;success&quot;:&quot;&quot;,&quot;fail&quot;:&quot;&quot;,&quot;searchKeys&quot;:[&quot;market://&quot;,&quot;play.google.com&quot;],&quot;acknowledgeWith&quot;:&quot;acknowledgeMessage&quot;,&quot;declineWith&quot;:&quot;errorTest&quot;}</string>
    <string name="ssaGlobalAppData">{&quot;controllerVersion&quot;:&quot;3031&quot;}</string>
    <string name="version">8.9.1</string>
    <string name="unityads-idfi">f05ef7cb-2e7a-428f-b79b-00f84f8abe0f</string>
</map>
