<?xml version='1.0' encoding='utf-8' standalone='yes' ?>
<map>
    <string name="cachedGUIDsKey:877-958-874Z">{&quot;Identity_cmlsNzYxMjI1MDkyOA==&quot;:&quot;__e7bedc6639e64dd59c573dc69d640398&quot;}</string>
    <string name="deviceId:877-958-874Z">__e7bedc6639e64dd59c573dc69d640398</string>
    <string name="pfworkid">877-958-874Z</string>
    <int name="istc_inapp:__e7bedc6639e64dd59c573dc69d640398:877-958-874Z" value="0" />
    <int name="sexe:877-958-874Z" value="1759676694" />
    <boolean name="NetworkInfo:877-958-874Z" value="true" />
    <int name="lastSessionId:877-958-874Z" value="1759676691" />
    <int name="istmcd_inapp:__e7bedc6639e64dd59c573dc69d640398:877-958-874Z" value="10" />
    <string name="fcm_token:877-958-874Z">c-Mbn1HpRhWQoFI3sMJbbm:APA91bFf7PM5jyyEA2SKZKshIp-hD3-UGA9rnTjMg68oQLQPpub0PTcz7ZtqUw7cS3ZtqM4EiBbZNil6XvJ7XCGa13JBjffVcBY7qbaM11rAnxesQ0guPcY</string>
    <string name="instance:877-958-874Z">{&quot;accountId&quot;:&quot;877-958-874Z&quot;,&quot;accountToken&quot;:&quot;b5c-aab&quot;,&quot;accountRegion&quot;:&quot;in1&quot;,&quot;analyticsOnly&quot;:false,&quot;isDefaultInstance&quot;:true,&quot;useGoogleAdId&quot;:false,&quot;disableAppLaunchedEvent&quot;:false,&quot;personalization&quot;:true,&quot;debugLevel&quot;:0,&quot;createdPostAppLaunch&quot;:false,&quot;sslPinning&quot;:false,&quot;backgroundSync&quot;:true,&quot;getEnableCustomCleverTapId&quot;:false,&quot;beta&quot;:false,&quot;encryptionLevel&quot;:0}</string>
    <int name="imc:__e7bedc6639e64dd59c573dc69d640398:877-958-874Z" value="1" />
    <string name="SP_KEY_PROFILE_IDENTITIES:877-958-874Z">Email,Identity</string>
    <int name="comms_first_ts:877-958-874Z" value="1759370172" />
    <int name="comms_last_ts:877-958-874Z" value="1759676701" />
    <string name="ict_date:__e7bedc6639e64dd59c573dc69d640398:877-958-874Z">05102025</string>
    <long name="last_assets_cleanup" value="1759370172562" />
</map>
