<?xml version='1.0' encoding='utf-8' standalone='yes' ?>
<map>
    <int name="d_ts" value="1759224990" />
    <int name="dh" value="1663363230" />
    <int name="hgt" value="5" />
    <string name="av">7.1.7</string>
    <int name="v" value="2" />
    <int name="wdt" value="2" />
    <string name="j_n">Zw==</string>
    <string name="i_n">ZmtjfAoFAwNvaA==</string>
    <int name="r_ts" value="1759225292" />
    <string name="id">877-958-874Z</string>
    <string name="k_n">DHgLHAdCVWwZNTccETELE2sCfHACaHAW</string>
    <string name="j_s">{}</string>
</map>
