<?xml version='1.0' encoding='utf-8' standalone='yes' ?>
<map>
    <int name="istc_inapp:__88121679abee4ae8a3c3096392bd55a9:877-958-874Z" value="0" />
    <string name="cachedGUIDsKey:877-958-874Z">{&quot;Identity_YW5rdXNoeWFkYXY2MDU2&quot;:&quot;__88121679abee4ae8a3c3096392bd55a9&quot;}</string>
    <string name="deviceId:877-958-874Z">__88121679abee4ae8a3c3096392bd55a9</string>
    <string name="pfworkid">877-958-874Z</string>
    <int name="sexe:877-958-874Z" value="1759216234" />
    <boolean name="NetworkInfo:877-958-874Z" value="true" />
    <int name="lastSessionId:877-958-874Z" value="1759216229" />
    <int name="imc:__88121679abee4ae8a3c3096392bd55a9:877-958-874Z" value="1" />
    <string name="fcm_token:877-958-874Z">f6FoczRAT1WiIaWQvucCJH:APA91bFYLQHZG-bV8lGVRH61Z5iEhzqn3837XY4daK2qxLrEih0nwGd4m1rGTgiBek6qQLAm-k9i5isCVBYE-LyrUohb_FK3-p8Cwez0E50D-eK7xYIptiI</string>
    <string name="instance:877-958-874Z">{&quot;accountId&quot;:&quot;877-958-874Z&quot;,&quot;accountToken&quot;:&quot;b5c-aab&quot;,&quot;accountRegion&quot;:&quot;in1&quot;,&quot;analyticsOnly&quot;:false,&quot;isDefaultInstance&quot;:true,&quot;useGoogleAdId&quot;:false,&quot;disableAppLaunchedEvent&quot;:false,&quot;personalization&quot;:true,&quot;debugLevel&quot;:0,&quot;createdPostAppLaunch&quot;:false,&quot;sslPinning&quot;:false,&quot;backgroundSync&quot;:true,&quot;getEnableCustomCleverTapId&quot;:false,&quot;beta&quot;:false,&quot;encryptionLevel&quot;:0}</string>
    <int name="istmcd_inapp:__88121679abee4ae8a3c3096392bd55a9:877-958-874Z" value="10" />
    <string name="SP_KEY_PROFILE_IDENTITIES:877-958-874Z">Email,Identity</string>
    <int name="comms_first_ts:877-958-874Z" value="1759216141" />
    <int name="comms_last_ts:877-958-874Z" value="1759216237" />
    <string name="ict_date:__88121679abee4ae8a3c3096392bd55a9:877-958-874Z">30092025</string>
    <long name="last_assets_cleanup" value="1759216142237" />
</map>
