<?xml version='1.0' encoding='utf-8' standalone='yes' ?>
<map>
    <string name="cachedGUIDsKey:877-958-874Z">{&quot;Identity_YW5rdXNoeWFkYXY2MDU2&quot;:&quot;__b058931e3b4745a194c687aa0d41b4a2&quot;}</string>
    <string name="deviceId:877-958-874Z">__b058931e3b4745a194c687aa0d41b4a2</string>
    <string name="pfworkid">877-958-874Z</string>
    <int name="imc:__b058931e3b4745a194c687aa0d41b4a2:877-958-874Z" value="1" />
    <int name="sexe:877-958-874Z" value="1759953551" />
    <int name="istmcd_inapp:__b058931e3b4745a194c687aa0d41b4a2:877-958-874Z" value="10" />
    <int name="istc_inapp:__b058931e3b4745a194c687aa0d41b4a2:877-958-874Z" value="0" />
    <boolean name="NetworkInfo:877-958-874Z" value="true" />
    <int name="lastSessionId:877-958-874Z" value="1759953474" />
    <string name="fcm_token:877-958-874Z">dEyMS2cg3T_bYtXJgoz2T0:APA91bHs17y-26ob0hqLlknsVbAOSMD9Qyiw7bUs2VsDUGG8bHIa9aYJYscFV59lSUVsLW8TWQokAxGD1-QlZQLLDB375gw5Q1KyRzdKg858fxjoxZVhdRs</string>
    <string name="instance:877-958-874Z">{&quot;accountId&quot;:&quot;877-958-874Z&quot;,&quot;accountToken&quot;:&quot;b5c-aab&quot;,&quot;accountRegion&quot;:&quot;in1&quot;,&quot;analyticsOnly&quot;:false,&quot;isDefaultInstance&quot;:true,&quot;useGoogleAdId&quot;:false,&quot;disableAppLaunchedEvent&quot;:false,&quot;personalization&quot;:true,&quot;debugLevel&quot;:0,&quot;createdPostAppLaunch&quot;:false,&quot;sslPinning&quot;:false,&quot;backgroundSync&quot;:true,&quot;getEnableCustomCleverTapId&quot;:false,&quot;beta&quot;:false,&quot;encryptionLevel&quot;:0}</string>
    <string name="SP_KEY_PROFILE_IDENTITIES:877-958-874Z">Email,Identity</string>
    <int name="comms_first_ts:877-958-874Z" value="1759953361" />
    <string name="ict_date:__b058931e3b4745a194c687aa0d41b4a2:877-958-874Z">09102025</string>
    <int name="comms_last_ts:877-958-874Z" value="1759953548" />
    <long name="last_assets_cleanup" value="1759953361952" />
</map>
