<?xml version='1.0' encoding='utf-8' standalone='yes' ?>
<map>
    <string name="pfworkid">4R6-896-895Z</string>
    <string name="instance:4R6-896-895Z">{&quot;accountId&quot;:&quot;4R6-896-895Z&quot;,&quot;accountToken&quot;:&quot;6cb-624&quot;,&quot;accountRegion&quot;:&quot;in1&quot;,&quot;analyticsOnly&quot;:false,&quot;isDefaultInstance&quot;:true,&quot;useGoogleAdId&quot;:false,&quot;disableAppLaunchedEvent&quot;:false,&quot;personalization&quot;:true,&quot;debugLevel&quot;:0,&quot;createdPostAppLaunch&quot;:true,&quot;sslPinning&quot;:false,&quot;backgroundSync&quot;:true,&quot;getEnableCustomCleverTapId&quot;:false,&quot;beta&quot;:false,&quot;encryptionLevel&quot;:0,&quot;encryptionInTransit&quot;:&quot;0&quot;,&quot;allowedPushTypes&quot;:[]}</string>
    <int name="comms_first_ts:4R6-896-895Z" value="1759668581" />
    <int name="istc_inapp:__a0a1930873ff46e097a23df730d3606f:4R6-896-895Z" value="0" />
    <boolean name="ssInAppMigrated:4R6-896-895Z" value="true" />
    <string name="deviceId:4R6-896-895Z">__a0a1930873ff46e097a23df730d3606f</string>
    <int name="cachedGUIDsLengthKey:4R6-896-895Z" value="2" />
    <int name="imc:__a0a1930873ff46e097a23df730d3606f:4R6-896-895Z" value="1" />
    <int name="istmcd_inapp:__a0a1930873ff46e097a23df730d3606f:4R6-896-895Z" value="10" />
    <int name="encryptionMigrationFailureCount:4R6-896-895Z" value="0" />
    <int name="sexe:4R6-896-895Z" value="1759668713" />
    <boolean name="NetworkInfo:4R6-896-895Z" value="true" />
    <string name="fcm_token:4R6-896-895Z">c6EojheJTs-TBWC17cUKtP:APA91bHzgRB06YXUki6io203DbOyxz61-sBfYW6UCFT5hw31prWdQ6PMJ9Y0iBzIZT8lCFMzX5zgoPl6_p3l197M6OJSd8CQ-Vz-4KaDhpjqmqxtb03W7w4</string>
    <int name="lastSessionId:4R6-896-895Z" value="1759668580" />
    <int name="encryptionLevel:4R6-896-895Z" value="0" />
    <string name="ict_date:__a0a1930873ff46e097a23df730d3606f:4R6-896-895Z">05102025</string>
    <boolean name="firstTimeRequest" value="false" />
    <int name="comms_last_ts:4R6-896-895Z" value="1759668643" />
    <string name="SP_KEY_PROFILE_IDENTITIES:4R6-896-895Z">Email,Identity</string>
    <long name="last_assets_cleanup" value="1759668582127" />
    <string name="cachedGUIDsKey:4R6-896-895Z">{&quot;Email_ankyad0990@gmail.com&quot;:&quot;__a0a1930873ff46e097a23df730d3606f&quot;,&quot;Identity_8e61ef9f19ba47d5910db91169a08849-lgi&quot;:&quot;__a0a1930873ff46e097a23df730d3606f&quot;}</string>
</map>
