<?xml version='1.0' encoding='utf-8' standalone='yes' ?>
<map>
    <int name="d_ts" value="1759668583" />
    <int name="dh" value="-1251755403" />
    <int name="hgt" value="5" />
    <string name="av">6.17.3.2025.08.15</string>
    <int name="v" value="2" />
    <int name="wdt" value="2" />
    <string name="j_n">Zw==</string>
    <string name="i_n">ZG5ieAIHBQU=</string>
    <int name="r_ts" value="1759668644" />
    <string name="id">4R6-896-895Z</string>
    <string name="k_n">DHgzJVlJUFBnY2t7Fz0/KltcH1c4N3BndWI3fQNVVw0xa2spNm5lLwcJAAQzOGt6ZmxrKgIICQBudz4sPngP</string>
    <string name="j_s">{}</string>
</map>
