<?xml version='1.0' encoding='utf-8' standalone='yes' ?>
<map>
    <string name="cachedGUIDsKey:877-958-874Z">{&quot;Identity_YW5rdXNoeWFkYXY2MDU2&quot;:&quot;__4f70e850ff444b4ba3fec0b964220d0f&quot;}</string>
    <string name="deviceId:877-958-874Z">__4f70e850ff444b4ba3fec0b964220d0f</string>
    <string name="pfworkid">877-958-874Z</string>
    <int name="sexe:877-958-874Z" value="1759225297" />
    <int name="istmcd_inapp:__4f70e850ff444b4ba3fec0b964220d0f:877-958-874Z" value="10" />
    <boolean name="NetworkInfo:877-958-874Z" value="true" />
    <int name="lastSessionId:877-958-874Z" value="1759225258" />
    <string name="fcm_token:877-958-874Z">flDsurTmSR6wkd9_9cCjQy:APA91bG01Y1bohfRm4Bziz3x7Q4bk4Lp9Qe3nWzykXPq6E2cxLBpSoHdkbzHAJFoTVWiWOKjwJ48S6EJnGFQuGwUHN-crEAKdyMlMA1G_GOMbod-elg2RUQ</string>
    <string name="instance:877-958-874Z">{&quot;accountId&quot;:&quot;877-958-874Z&quot;,&quot;accountToken&quot;:&quot;b5c-aab&quot;,&quot;accountRegion&quot;:&quot;in1&quot;,&quot;analyticsOnly&quot;:false,&quot;isDefaultInstance&quot;:true,&quot;useGoogleAdId&quot;:false,&quot;disableAppLaunchedEvent&quot;:false,&quot;personalization&quot;:true,&quot;debugLevel&quot;:0,&quot;createdPostAppLaunch&quot;:false,&quot;sslPinning&quot;:false,&quot;backgroundSync&quot;:true,&quot;getEnableCustomCleverTapId&quot;:false,&quot;beta&quot;:false,&quot;encryptionLevel&quot;:0}</string>
    <string name="ict_date:__4f70e850ff444b4ba3fec0b964220d0f:877-958-874Z">30092025</string>
    <string name="SP_KEY_PROFILE_IDENTITIES:877-958-874Z">Email,Identity</string>
    <int name="comms_first_ts:877-958-874Z" value="1759224991" />
    <int name="imc:__4f70e850ff444b4ba3fec0b964220d0f:877-958-874Z" value="1" />
    <int name="comms_last_ts:877-958-874Z" value="1759225291" />
    <int name="istc_inapp:__4f70e850ff444b4ba3fec0b964220d0f:877-958-874Z" value="0" />
    <long name="last_assets_cleanup" value="1759224992121" />
</map>
