{"clientMetadata":{"syncTime":1759435668130,"appVersionCode":62948,"sdkVersion":35},"metadata":{"success":true,"rulesetVersion":"3c6158ca71e6167115c4df46608cab42","requestId":"d3fdn53r3ophat8s2s7g","testAllocations":{},"fieldAbMap":{},"profileGuid":"K24XTY24DBBQHCO7OD6OJXDNV4"},"fields":{"pacs:smartDownload.profileType":"REGULAR","lolopi.isEnabled":true,"abNqPlayApi.useNqOfflineLicense":true,"postplaycl2.isEnabled":true,"tablet_coming_soon.isEnabled":true,"ipprobe.enableIpv6":true,"ipprobe.enableIpv4":true,"partnerplaybacktests.isHfrRequired":false,"feature_control_config.isInstantJoyEnabledOnTablet":false,"subtitleDownloadRetryPolicy":{"initialIntervalInMs":5000,"randomizationFactor":0.5,"multiplier":2,"maxIntervalInMs":60000,"maxElapsedTimeInMs":1200000},"voip.enableVoIPGqlCall":true,"enable_games_tab_on_graphql.isEnabled":true,"hendrixTest.sampleString":"world","new_parental_controls_enabled.isEnabled":true,"error_logging_config":[],"enableOfflineSecureDelete":true,"enableExtremeAspectRatioPip.isEnabled":true,"live.enableLiveAdsPdsEvent":true,"login.useCredentialManagerEnabled":true,"playbackconfig.suppressDvrMode":[81361018,81011061,81011062,81011063,81011064,81011065,80092835,81666032,81476229,81476230,81476231],"tabletdpparity_productization.isEnabled":true,"lolomoPrefetchIntervalOverride":-1,"games_config.lowestSupportedMaturityLevel":35,"pushNotifications.pushOptInFullScreenModalIsEnabled":{},"enable_games_in_my_list.isEnabled":true,"thumbs_way_up_qa_allocation_finished.isEnabled":true,"castWhitelistTargets":"[{\"modelName\":\"chromecast\"}, {\"modelName\":\"Google Cast Ready\"}]","graphql.bugsnagErrorLoggingSampleRate":5.0E-4,"enable_pqs_on_napa.isEnabled":false,"game_controller.allowedTestHosts":["netflix.net","netflix.com","nflxso.net","nflxext.com","ssic.dev"],"searchResultsSimilarityAlgorithm":{"jaroWinklerPrefixLengthLimit":0,"jaroWinklerSimilarityThreshold":0.87},"player.enableAV1":true,"ssdpDiscoverAll.discoverAll":false,"interactive_data.isEnabled":true,"hendrix.syncCallbackReliabilityLoggingPercent":10,"ads.pauseAdsCriticalLoggingEnabled":true,"pacs:download.enabled":true,"localization.removeLocales":["sw"],"topten_activate.activateHoldback":true,"enable_app_exit_reason.isEnabled":true,"logging.disablePresentationTracking":true,"feature_control_config.enableLottieAnimationOnComedyFeedRow":true,"voipConfig.androidApiFrom":1,"feature_control_config.isDownloadsForYouRowExplicitAllocationEnabled":false,"player.reportAProblemFlagInPlayerEnabled":true,"shadowNqRequest.shadowStreamingLicense":false,"games.subGameSupportEnabled":true,"streamingCodecPrefData.isAV1CodecEnabled":false,"voipConfigHendrix.showHelpForNonMember":true,"retryPolicyLogblob.retryTimeoutInHours":24,"feature_control_config.isCreatorHomeEnabled":true,"enableInAppAmazonSignups.isEnabled":true,"safetyNet.disabledForSamsungFeatures":true,"playback_fallback_configuration.wdUsageTableCorruptionDisabled":true,"qoe_metrics.isPlayerMemoryExcluded":false,"maxAppLifeDays":365,"enable_comedy_feed.isEnabled":false,"reEnableWidevineL1":false,"enable_title_cards_loc.isEnabled":true,"disableAndroidJobScheduler":false,"media_resource_constraints.hasLowAudioResources":false,"nqPlayback":{"logblobViaNq":true,"eventsViaNq":true,"ignoreABTest":false},"playerUIAbs.isEnabled":true,"streamingCodecPrefData.isXHEAACCodecEnabled":true,"abNqPlayApi.useNqDownloadEvents":true,"player.liveAdsRemovalEnabled":true,"live.isThunderingHerdPostplayLiveEnabled":true,"player.isHdrSelectionEnabled":true,"safetyNet.disabled":true,"ftlConfig.hosts":["android.prod.cloud.netflix.com","android-anycast.prod.ftl.netflix.com"],"disable_fresco.isDisabled":false,"player.useDynecomForContentPreviewPinCollectionEnabled":true,"postplay_enable_repository.isEnabled":true,"abNqPlayApi.useNqStreamingLicense":true,"login.otpEntryComposeEnabled":true,"debug.profileMismatchFixEnabled":true,"playbackconfig.enableLiveHevcOnCapableDevices":true,"streamingCodecPrefData.isAVCHighCodecDisabledForCellular":false,"ngpConfig.disableNgpSso":false,"geoCountryCode":"IN","videoBufferSize":96468992,"consumptiononlyhelpcenter.showAccountLinks":false,"ntl.firstTimeProfileTutorialEnabled":true,"feature_control_config.playEventRepoConfig":{},"voipConfig.enableVoip":true,"disableDataSaver":false,"criticalLog.criticalLoggingMSLEnabled":true,"lolomo_lite_enabled.isEnabled":true,"sultana_ddr_config.enableV2Receive":true,"downloads.isExpiredDownloadSheetEnabled":true,"player.fetchNewOfflineLicenseEnabled":true,"ftlConfig.targetResetDelay":30000,"offlineCodecPrefData.isVP9HWCodecEnabled":true,"voipConfig.enableVoipOverWiFi":true,"streamingCodecPrefData.isVP9HWCodecEnabled":true,"thumbRatingActive":true,"retryPolicyPds.retryOnFailureToDeliver":false,"player.mergeRebufferLogsEnabled":true,"enable_categories_row_explicit_allocation.isEnabled":false,"disablePip":false,"enable_ctas_for_games_billboard_on_tablet.isEnabled":true,"pushNotifications.preTiramisuKoreaPushConsentEnabled":true,"login.otpResendCooldownToastEnabled":true,"ads.pauseAdsEnabled":true,"streamingConfig.allowHdr10PlusEnabled":true,"player.multiplePlaybackEnabled":true,"lna.maxJitterMs":1200000,"logging.ndkSessionSamplingRate":0.001,"games.isTopTenBigNumberRowTreatmentEnabled":true,"profileGate.promoProfileGateEnabled":true,"ui_latency_tracker_force_enable.isEnabled":false,"live.hiddenBillboardsV2EventsEnabled":true,"localDiscovery.liveEventDrivenDiscoveryEnabled":true,"display_cutout_disable_configuration.DisplayCutoutIsDisabled":false,"graphql.gustoMergeWithDiscoveryDGSFeatureFlagEnabled":true,"partnerplaybacktests.reqVideoDecoders":["avc_high","vp9","hdr10","dv","av1"],"pacs:chooseHdr.enabled":false,"games.isHighDensityRowTreatmentEnabled":true,"clhe_sampling_config.percentage":50,"consolidated_logging_specification":[{"session":"PerformanceTraceReported","disableChancePercentagePerUserSession":0,"suppressPercentagePerEvent":90},{"session":"DataPerformanceTraceReported","disableChancePercentagePerUserSession":0,"suppressPercentagePerEvent":90}],"enable_dp_dataloaded_v2.isEnabled":true,"live.episodicRowFeatureEnabled":true,"stringkeymapping.isEnabled":true,"sendServiceTokensPolicy.sendWithPdsEvents":false,"pacs:browse.profileType":"REGULAR","pacs:chooseHdr.profileType":"REGULAR","ipprobe.enabled":true,"mdxDiscoveryLogging.isEnabled":false,"voipConfigHendrix.enableVoipOverData":true,"feature_control_config.isMostLikedNewUIV3ExplicitAllocationEnabled":false,"localMoments.enabled":true,"disableExtremeAspectRatioPip.isEnabled":false,"freePreview.planPrice":"₹ 199","disableRoar":false,"feature_control_config.disableLaunchActivityFix":true,"lolomo.navigationCategoriesGQLMigrationEnabled":true,"mdxMediaVolume.enabled":true,"enable_live_discovery_ui.isEnabled":true,"retryPolicyLogblob.undeliveredPayloadExpirationInHours":72,"localDiscovery.liveHiddenBillboardTitlesEnabled":true,"shadowNqRequest.shadowPrefetchManifest":false,"remind_me_coming_soon.allowRemindMe":"true","search_response_latency_logging_enabled.samplingPercentage":5,"upnext.moveControlToGpsEnabled":true,"signup.update_cookies_bridge.isUpdateCookiesEnabled":false,"ftlConfig.errorsThrottleLimit":3,"postPlay.liveSteeringLogsForLIVEXFN1140Enabled":true,"lolomo_cache_response.isEnabled":true,"pacs:partialDownloadPlayback.enabled":true,"feature_control_config.isTabletComingSoonEnabled":false,"safetyNet.renewTimeoutInHours":24,"offlineCodecPrefData.isXHEAACCodecEnabled":true,"hendrix.pacsValidationSamplingPercentage":100,"downloadedforyou.isEnabled":true,"depp.billboardPinotButtonsEnabled":true,"ftlConfig.targets":[{"host":"android.prod.ftl.netflix.com","name":"primary"},{"host":"android.prod.cloud.netflix.com","name":"fallback-aws"},{"host":"android-anycast.prod.ftl.netflix.com","name":"fallback-ftl-anycast"}],"player.liveAdsRemovalAfterEventEnabled":true,"home.lolomoLiteEnabled":false,"sms_otp_version_check.minVersionNumber":12451000,"breadcrumb_logging_config":[],"criticalLog.criticalLoggingEnabled":true,"enableWidevineL1":true,"use_nq_for_api_falkor.isEnabled":true,"samurai_graphql_lolomo.isEnabled":true,"nonmemberuilatencytracker.isEnabled":true,"clcs.clcsUseAleEnabled":false,"live.liveEventDiscoveryOnDeppEnabled":true,"pacs:download.experience":"DEFAULT","sendServiceTokensPolicy.sendWithLogblobs":false,"games.webViewVersionLoggingPercentage":50,"streamingCodecPrefData.isEveVP9HWCodecEnabled":true,"offlineCodecPrefData.isEveVP9HWCodecEnabled":true,"freePreview.bannerLogoUrl":"https://assets.nflxext.com/ffe/siteui/acquisition/freePreview/v1/android/streamfest_nmhp_banner_logo.webp","zuul_config.socketRouterAckTimeoutInMs":10000,"enable_uk_ratings.isEnabled":true,"lockPhonePortraitEnabled":true,"pacs:smartDownload.experience":"DEFAULT","enableCast":true,"retryPolicyPds.undeliveredPayloadExpirationInHours":72,"feature_control_config.enableSpeedControl":true,"mdxPinLogin.isEnabled":true,"enable_games_in_my_list.isRefreshingGameWithQueueRenoListContextEnabled":false,"postplayeverywhere.isEnabled":true,"games_config.isGamesInPreQueryEnabled":true,"hendrixLocale":"en-IN","offlineCodecPrefData.isAV1CodecEnabled":false,"profile.isLiveFastPathSerializeLolomoPrefetchEnabled":true,"retryPolicyLogblob.retryOnFailureToDeliver":false,"disableActivityTracking":true,"JPlayerConfig":"{\"JPlayerThreadConfig\": true, \"MediaThreadPriority\": 10, \"RenderThreadPriority\": 0}","player.livePlaygraphsEnabled":true,"streamingCodecPrefData.isAVCHighCodecEnabled":true,"comedy_feed_as_a_row_activate_holdback.isEnabled":false,"hdr_brightness_boost_enable_configuration.HDRBrightnessBoostEnabled":true,"av1_module_disable_configuration.Av1ModuleIsDisabled":true,"nqsamurai_proxy_all_traffic.isEnabled":true,"allowVp9Mobile":false,"instant_joy.isEnabled":true,"offlineConfig.disableOfflineFeature":false,"pre_query_search_enable_productization.isEnabled":true,"profiles_gate_enable_productization.isEnabled":true,"pacs:smartDownload.enabled":true,"retryPolicyLogblob.retryAllFailuresWhenNetworkAvailable":false,"abNqPlayApi.useNqPrefetchManifest":true,"shadowNqRequest.ignoreAb11088":false,"playback_specification_diagnostics.isEnabled":true,"member_referral_enabled.isEnabled":false,"shadowNqRequest.ignoreAb11089":false,"titlegroups_group_merch.isEnabled":true,"smartLockConfig.impl":"ONETOUCH","previews_enable_original_branding.isEnabled":true,"retryPolicyCL.retryWhenScheduled":false,"ftlConfig.maxTries":2,"player.liveAdsUiEnabled":true,"ads.pauseAdsInvisibleRequestsEnabled":true,"pacs:mdx.enabled":true,"hendrixProfileGuid":"K24XTY24DBBQHCO7OD6OJXDNV4","localization.isEnabled":true,"sultana_ddr_config.enableV2Send":true,"enableAV1":true,"retryPolicyCL.undeliveredPayloadExpirationInHours":168,"dp_shimmer_loading_enabled.isEnabled":false,"partnerIntegrationConfig":{"sfinderConfig":{"forceEnable":true,"forceDisable":false},"minusoneConfig":{"disableExtras":true}},"mdxConfig.activeCastScanAlways":true,"brightness_ux_changed.isEnabled":true,"voipConfig.disableChatButton":false,"breadcrumb_logging_specification":{"disable":true,"disableChancePercentage":100},"graphql.cachePragmaSynchronous":0,"cfour_settings_screen_link_regular_plan.isEnabled":true,"myNetflix.isEnabled":true,"retryPolicyLogblob.retryWhenScheduled":true,"pacs:partialDownloadPlayback.profileType":"REGULAR","una.enabled":false,"debugCookieLoss.isEnabled":false,"allowHevc.isEnabled":true,"offlineRecovery.osUpgradeRecoveryEnabled":true,"pacs:downloadsForYou.profileType":"REGULAR","season_selection.isEnabled":true,"pacs:downloadsForYou.experience":"DEFAULT","ipprobe.killForAll":false,"hendrix_migration_test.sampleLegacyUnstable":100,"pacs:browse.experience":"DEFAULT","voipEnabledOnAccount":true,"isHomeLolomoOnDeppEnabled":true,"pacs:chooseHdr.experience":"DEFAULT","detailsPage.disableZoomForMiniPlayerList":["81992457"],"games.isComingSoonGdpEnabled":true,"disableAndroidJobSchedulerJobFinish":false,"postPlay.fixLiveSteeringPostPlayLIVEXFN1140Enabled":true,"disableLicensePrefetch":false,"zuul_config.enableSocketRouter":true,"una.disableForAll":true,"pacs:partialDownloadPlayback.experience":"DEFAULT","feature_control_config.isComedyFeedEnabledOnTablet":false,"postPlay.threeUpPreviewsEnabled":true,"hendrix.bugsnagActiveFeatures":["hendrixIsKids","search.starcourtEnabled"],"home.billboardLiteEnabled":false,"zuul_config.allowOnCellular":true,"override_falcor_canonical_config.isEnabled":true,"vmdp_ab_13201_sims_batch_size.simsBatchSize":24,"shadowNqRequest.ignoreAb10805":false,"games.gameInHighlanderEnabled":true,"smartLockConfig.enabled":true,"apifalkor_canonical.isEnabled":true,"suppressedLogblobs":["multihistogram"],"isDpLiteAutoPlayTrailerEnabled":true,"downloads.downloadLimitErrorCalenderMonthEnabled":true,"mdx_enabled_via_feature_config.enabled":true,"voipConfig.enableVoipOverData":true,"player.liveAdsReplaceEnabled":true,"freePreview.isEnabled":false,"shadowNqRequest.shadowStandardManifest":false,"abNqPlayApi.useNqStandardManifest":true,"search_on_napa_activate.activateHoldback":true,"offlineCodecPrefData.isAVCHighCodecEnabled":true,"interactive_skip_tutorial.isEnabled":true,"ngpConfig.disableSharedLogout":false,"voipConfigHendrix.showConfirmationDialog":true,"pacs:browse.enabled":true,"playback_fallback_configuration.fiveEightIsDisabled":true,"offlineRecovery.playableRecoveryEnabled":true,"postplay_visual_timer.isEnabled":true,"search.renderNavigationLevelSucceedsOnActivityResumeEnabled":false,"tabletop_mode_disable.TabletopModeDisabled":false,"retryPolicyPds.retryWhenScheduled":true,"live.prelaunchBillboardOnDeppEnabled":true,"offlineConfig.maintenanceJobPeriodInHrs":24,"lolomoCacheExpirationOverride":-1,"logging.disableCLv1":true,"postPlay.liveSteeringEnabled":true,"instant_joy_removal.isEnabled":true,"streamingConfig.allowHevcEnabled":true,"disable_fresco.isNativeCrashLoggingEnabled":true,"games.isGameContentUpdateEnabled":true,"myNetflix.isUpdatedDownloadsAndNotficationsRowUiEnabled":true,"qoe_metrics.qoeMetricsSamplingPercentage":10,"enableWidevineL3SystemId4266":true,"live.searchStandardDestinationRowEnabled":true,"previews_enable_productization.isEnabled":true,"tablet_dp_trailer.isEnabled":true,"partial_download.isEnabled":true,"download_full_season.isEnabled":true,"ctas_for_games_billboard_tablet.isEnabled":false,"enable_games_tab_in_tablet.isEnabled":true,"retryPolicyPds.retryTimeoutInHours":24,"ftlConfig.cell":0,"ppinbetween_unification_productization.isEnabled":true,"shadowNqRequest.shadowOfflineManifest":false,"offlineRecovery.osUpgradeErrorCount":1,"retryPolicyCL.retryTimeoutInHours":24,"retryPolicyCL.retryOnFailureToDeliver":false,"voipEnabledOnDevice":true,"ngpConfig.disableNgpDeviceId":false,"myListForKidsDisabled":true,"offlineCodecPrefData.isAVCHighCodecForceEnabled":false,"partnerplaybacktests.testProperties":{"STRESS_SUITE_AUDIO_TRACK_SWITCH":[80186941],"STRESS_SUITE_AVC_HIGH":[80186941,80186340,80217077,80097693,80119234,80230071],"STRESS_SUITE_VP9":[80186941,80186340,80217077,80097693,80119234,80230071],"STRESS_SUITE_HEVC_SDR":[80186941,80217077,80097693,80119234,80230071],"STRESS_SUITE_DV":[80198495,80063265,80186941],"STRESS_SUITE_HDR10":[80198495,80063265,80094026],"STRESS_SUITE_AV1":[80094026,80224547,81063730,81063737,80987592],"STRESS_SUITE_AV1_HDR10_PLUS":[80094026,80198495,80063265,80186941],"LICENSE_CLEAR_TO_ENC":[80186941],"LICENSE_LDL_TO_SDL":[80186941],"LICENSE_BATCH":[80189599,81000145,81000146,81000147,81000148,80244464,80244465,80244466],"LICENSE_OFFLINE":[80223968],"LICENSE_OFFLINE_BATCH":[],"EP_FPS_23_976":[81044454],"EP_FPS_24":[81282433],"EP_FPS_25":[81282436],"EP_FPS_29_970":[81282431],"EP_FPS_30":[81282435],"EP_FPS_50":[81282432],"EP_FPS_59_940":[81282430],"EP_FPS_60":[81282434],"EP_AV1_FGS_FPS_30":[81632698],"EP_AV1_FGS_FPS_60":[81632693],"STREAM_SWITCH_SUITE_TEST_ID_1":[81001887],"STREAM_SWITCH_SUITE_TEST_ID_2":[81001887],"STREAM_SWITCH_SUITE_TEST_ID_3":[81001887],"STRESS_SUITE_TEST_ID_5":[80198495,80063265,80186941],"STRESS_SUITE_TEST_ID_6":[80198495,80063265,80186941]},"lolomo.navigationCategoriesGQLMigrationUseWatch":true,"downloadedforyou_productization.isEnabled":true,"player.liveAdsMediaEventEnabled":true,"voipConfigHendrix.enableVoip":true,"games.isGameDeeplinkInKidsBlocked":true,"falcor_perf_sampling.sampling":5,"streamingCodecPrefData.isAVCHighCodecForceEnabled":false,"player.enableOfflineSecureDelete":true,"ads.pauseAdsForecastingLoggingEnabled":true,"mementoEnabledForWorld":false,"enableSmartDownloads":true,"live.isThunderingHerdLolomoPrefetchEnabled":true,"trailer_on_dp_activate.activateHoldback":true,"serviceTokenCAD.isDisabled":false,"retryPolicyPds.retryAllFailuresWhenNetworkAvailable":true,"sultana_ddr_config.isEnabled":true,"sultana_ddr_config.sendLocalInfo":true,"voipInstallDeadlineInDays":-1,"feature_control_config.isDetailsSheetForGameRatingsEnabled":true,"interactive_stretch.stretchAvailableToAll":true,"fullscreen_languageselector.isEnabled":true,"previewContent":{"encryptedDolbyDigitalPlus20Enabled":true,"encryptedDolbyDigitalPlus51Enabled":true,"encryptedHEAAC2Enabled":true,"encryptedImageSubtitlesEnabled":true,"encryptedTextSubtitlesEnabled":true,"previewContentEnabled":true},"msl.sendNetflixAuthorizationCookiesInMslEnabled":false,"player.uidtEnabled":true,"voipConfigHendrix.enableVoipOverWiFi":true,"retryPolicyCL.retryAllFailuresWhenNetworkAvailable":false,"voip.canDownloadVendorModule":true,"hendrix.storageFsyncEnabled":true,"mdxBlacklistTargets":"[{\"manufacturer\":\"Google Inc.\",\"modelName\":\"Eureka Dongle\"}]","pacs:download.profileType":"REGULAR","pre_query_search_v3_activate.activateHoldback":true,"live.isShowIncludesAdsInDpWithAbTestEnabled":true,"nrmViaMsl":true,"mdxOnlyDeviceEsnPrefixes.mdxOnlyDeviceEsnPrefixes":["NFPS4-001-","NFPS4-002-","NFPS3-001-","NFPS5-001-","NFDEV","LGTV20169="],"error_logging_specification":{"disable":true,"disableChancePercentage":100},"pacs:downloadsForYou.enabled":true,"pacs:mdx.profileType":"REGULAR","samurai_games_identity_support.isEnabled":true,"abNqPlayApi.useNqOfflineManifest":true,"voipConfirmationDialogAllocationPercentage":100,"voipConfigHendrix.disableChatButton":false,"offlineRecovery.playableErrorCount":2,"enable_share_to_snapchat.isEnabled":false,"streamProfileData":{"ce3CellularCap":{"auto":450,"low":300},"al0CellularCap":{"auto":450,"low":300},"al1CellularCap":{"auto":450,"low":300},"av1CellularCap":{"auto":450,"low":300},"ce4SdrCellularCap":{"auto":450,"low":300},"ce4HdrCellularCap":{"auto":600,"low":300},"liveCellularCap":{"auto":750,"low":300}},"pacs:mdx.experience":"DEFAULT","graphql.cachePragmaJournalMode":"WAL","netprobe.tE":false,"downloadedforyou_hideotherprofiles.isEnabled":false,"audioFormats":1,"download_error_productization.isEnabled":true,"moments.isFullExperienceEnabled":true,"player.sendLogblobsOverWebSocketEnabled":true,"player.audioFormats":1,"voip.enableTwilioEngine":true,"partnerplaybacktests.isEnabled":true,"disable_widevine":false,"disableLoginOverMsl":false,"isConsumptionOnly":true,"kids_brand_realignment.enabled":true,"abNqPlayApi.useNqRefreshOfflineLicense":true,"interactive_prefetch.isEnabled":true,"postplayeverywhere_productization.isEnabled":true,"games_config.isMaturityCheckEnabled":true}}