{"Fid":"dySdwGAcT_CJbU5-si6yV9","Status":3,"RefreshToken":"3_AS3qfwKKX2weCAxYGlWZcWO6jVreC-OxUNzBs89mqF5zBLxqRySAk0y3wu_vN3ehrIteF_b6RpoHR-VpPexBEa8T-rgunkIBPtHxY8c-Nznn7-s","AuthToken":"eyJhbGciOiJFUzI1NiIsInR5cCI6IkpXVCJ9.eyJhcHBJZCI6IjE6MzY3MjY5MDA4OTg2OmFuZHJvaWQ6NzliMWNhNTQ5NTQxMTEyNCIsImV4cCI6MTc1NjgwMjU1MiwiZmlkIjoiZHlTZHdHQWNUX0NKYlU1LXNpNnlWOSIsInByb2plY3ROdW1iZXIiOjM2NzI2OTAwODk4Nn0.AB2LPV8wRgIhAJkZfved8E49YRKqJqkt-j-jI6KcnExyFsa9IphNbbUcAiEAslJcKe28p39KjTiPwMZ2lZ-PXCT3tLFxfvr3mwhmvuM","TokenCreationEpochInSecs":1756197757,"ExpiresInSecs":604800}