{"Fid":"eRLxqP8dQpuBXmShHqp7KJ","Status":3,"RefreshToken":"3_AS3qfwJCOVSW_ChnGn6ggOpD5vvqWw9G2kiO8qhGVblDHh3u4MlfBZM8ZzLLJUgcy0MEofnTEcaNlme_ofI_MwQSP24Lkd2vD0JP9mABAc7Teuc","AuthToken":"eyJhbGciOiJFUzI1NiIsInR5cCI6IkpXVCJ9.eyJhcHBJZCI6IjE6MzY3MjY5MDA4OTg2OmFuZHJvaWQ6NzliMWNhNTQ5NTQxMTEyNCIsImV4cCI6MTc1Njc1NDg1MiwiZmlkIjoiZVJMeHFQOGRRcHVCWG1TaEhxcDdLSiIsInByb2plY3ROdW1iZXIiOjM2NzI2OTAwODk4Nn0.AB2LPV8wRQIhAOUugxog9O2A8N9Oop8FVHsLyMXaB9u4t0Lma8GbLoq6AiBTU1tVwsZGHmiRax19pagkUIdOf2E8MZhsqsjitgw0hw","TokenCreationEpochInSecs":1756150055,"ExpiresInSecs":604800}