{"configs_key":{"exo2_buffer_for_playback_ms":"2500","onboarding_questionnaire":"true","new_search":"true","exo2_min_buffer_ms":"15000","exo2_buffer_for_playback_after_rebuffer_ms":"5000","search_result_count":"48","search_keyword_count":"10","exo2_max_buffer_ms":"50000","search_delay":"0.25","enable_pinch_zoom":"true","signup_phone_enabled":"true","navigate_to_otp_login_by_default":"true","explore_enabled":"true","signup_email_enabled":"true","login_phone_enabled":"true","search_didumean_count":"0","paytm_upi_disabled_psp_apps":"Net.one97.paytm,com.google.android.apps.nbu.paisa.user","navigate_to_powerplay":"false","giap_promotion_enabled":"false","login_email_enabled":"true","login_otp_enabled":"true","onboarding_items":"3","more_like_this_enabled":"true","yuppflix_layout":"false","otp_focus_delay":"1000","facebook_enabled":"false"},"fetch_time_key":0,"abt_experiments_key":[],"personalization_metadata_key":{},"template_version_number_key":0}