{"configs_key":{"enableTruecaller":"true","showsAppActivationEpisodes":"3","uxCAMMaxVideoDuration":"600","reelScreenCrosswalkDuration":"10","nthRewardedAd":"4","uxCAMIOSMinMemory":"3072","whatsappSupportPhone":"+919606694162","reelFinishProgress":"0.9","wDAUInSeconds":"15","showLikesMin":"10000","wActivatedInSeconds":"450","reelsL2ActivationTimeInSeconds":"3600","showActivationEpisodes":"3","showAppActivationEpisodes":"3","enableUxCam":"false","adsPrefetchLimit":"2","showL1ActivationEpisodes":"10","showBackCrosswalkProbability":"0.2","reelPreloadCount":"3","cloudflareOptions":"{\"f\": \"webp\",\"scq\": 50}","enableWhatsAppSupport":"false","viewAllMinShows":"10","showL2ActivationEpisodes":"20","moEngageWhitelistEvents":"showOpen,reelsDailyActivated,UpcomingShowReminder,paymentCancelled,paymentError,trialStarted,trialConverted","sendFBCustomEvents":"true","sessionTimeout":"600000","reelsL1ActivationTimeInSeconds":"1800","inlineFeedback":"{\"40\": \"SHOW_RATING\", \"45\": \"SHOW_RATING\", \"30\": \"GENDER\",\"35\": \"GENDER\"}","showsAppL1ActivationEpisodes":"10","inAppFlexibleUpdatePrompt":"true","uxCAMAndroidMinMemory":"3072","minShowsInHorizontalList":"5","showsAppL2ActivationEpisodes":"20","reelsAppL2ActivationTimeInSeconds":"3600","inlineTrailerConfigV2":"{\"positions\":[],\"reversePositions\":[20],\"skipAfter\":15,\"completeAfter\":30}","showAppL1ActivationEpisodes":"10","reelScreenCrosswalkIndex":"10","otpProvider":"SMS","fallbackOtpProvider":"PHONE","defaultCountryCode":"IN","adsMuted":"false","eventsThrottleTimeInSeconds":"5","maxDPR":"2.0","truecallerSdkInitTimeout":"3000","showAppL2ActivationEpisodes":"20","uxCAMMinVideoDuration":"5","reelsAppL1ActivationTimeInSeconds":"1800","reelsActivationTimeInSeconds":"900","reelsAppActivationTimeInSeconds":"900"},"fetch_time_key":0,"abt_experiments_key":[],"personalization_metadata_key":{},"template_version_number_key":0,"rollout_metadata_key":[]}