{"configs_key":{"adIdToShowIdMapping":"{}","adMuted":"false","adsPrefetchLimit":"2","appLevelActivationCount":"3","badExperienceRatingInterval":"40","bannerTrailerDefaultAudioState":"false","chatConfig":"{\"CHA18onIxrO7lpkkDAr\":{\"suggestionPrompts\":[\"Hi, Whats up!\"],\"chatStatusText\":\" 😘💋 \"},\"CHA18onIxrO7lpkkDAp\":{\"suggestionPrompts\":[\"Why help Abigail when she was so mean to you?\",\"What are you planning to do with all that money?\",\"Are you really over Alexis?\"],\"chatStatusText\":\" 💔💰🤔 \"},\"CHA18onIxrO7lpkkDAs\":{\"suggestionPrompts\":[\"Hi, Whats up!\"],\"chatStatusText\":\" 🔍👀 \"},\"CHA18onIxrO7lpkkDAq\":{\"suggestionPrompts\":[\"Just wanted to say Hi!\"],\"chatStatusText\":\" 👩‍👦 \"},\"CHA18onIxrO7lpkkDAt\":{\"suggestionPrompts\":[\"Just wanted to say Hi!\"],\"chatStatusText\":\" 👋🏻 \"}}","christmasDealTimeStamp":"1703980800000","consumables":"[{ \t\"coins\": 40, \t\"productId\": \"dashcash_40\", \t\"type\": \"consumable\" }, { \t\"coins\": 100, \t\"productId\": \"dashcash_100\", \t\"type\": \"consumable\" }]","enableTruecaller":"false","enableUxCam":"false","enableWhatsAppLogin":"false","enableWhatsAppSupport":"false","fallbackOtpProvider":"PHONE","fastPassUnlockableEpisodes":"5","fbAutoLogEventsAndroid":"false","fbAutoLogEventsIOS":"false","firstPurchaseReferralAmount":"40","homeRevampRolloutPercent":"1.0","homeRevampRolloutUserIds":"71vl0yVGraeCvDMg2629YVmLqEy2,kp5sY2qf9lNZ0PECt5buT1S38Wh1,FqRFt67FAjMIB0RnYOLR0x9mkrv2,GP1I8z7WMohGws4tt6Ugd8vA2fl2","http2KillSwitch":"false","hydratedBlocRefreshTime":"10","iapReqTimeout":"15","imageLoadTimeout":"11","imageSizeMultiplier":"1.45","inAppFlexibleUpdatePrompt":"true","inAppReviewEnabled":"true","isCharacterChatFeedbackEnabled":"false","isCharacterChatMsgFeedbackEnabled":"false","isPhoneLoginEnabled":"true","isReferralEnabled":"true","kEpisodeProgress":"85","killSwitchDisabled":"true","loadNextThreshold":"60","localDBSyncInterval":"10","maxImageLoadRetryAttempt":"1","minPanelsToLoad":"1","minShowsInHorizontalList":"24","moEngageWhitelistEvents":"showOpen,reelsDailyActivated,UpcomingShowReminder,paymentCancelled,paymentError,trialStarted,trialConverted","otpProvider":"SMS","recommendationProbability":"0.1","reelFinishProgress":"0.8","shareReferralCompletionAmount":"6","shortsLoadCount":"15","showBackCrosswalkProbability":"1","showCaughtUpRecommendationInterval":"86400000","showChristmasDecoration":"false","showDailyPassPopup":"false","showFeedbackReelIndex":"25","showLeftIncompleteRecommendationInterval":"86400000","showLevel1ActivationCount":"10","showLevelActivationCount":"3","showNotificationPopUpAfterFinishedEpisodes":"3","showRemovalMessage":"As we bid farewell to some beloved shows, Dashtoon is excited to introduce a new era of captivating comic experiences.  Starting <date>, get ready for a lineup of fresh, imaginative tales full of adventure and intrigue. While change can be  bittersweet, we're dedicated to a smooth transition, ensuring each new story retains the magic and excitement you love.  Keep an eye out for teasers and previews of what's coming next. Thank you for being part of our journey.  Here's to new beginnings and unforgettable stories!| Sincerely,| The Dashtoon Team","showRemovalMessageVisible":"true","showVideoRecommendations":"{\"SHO2778D5CiCbNJ1utT\":\"https:\/\/content.dashtoon.ai\/promotional-videos\/betrayed_bonds_4.mp4\",\"SHOnUH1zuH0obYyqDp8\":\"https:\/\/content.dashtoon.ai\/promotional-videos\/secret-billionaire-1.mp4\",\"SHOrtNhJEQtnLt1rdDo\":\"https:\/\/content.dashtoon.ai\/promotional-videos\/coded_realms_1.mp4\"}","syncShowInterval":"36000000","usaBackendBasePath":"https:\/\/api-us.dashtoon.ai","userTgsNavigationOverrides":"[       \"Fb_TOB_USA_CPS_Android_Growth_P9V1_10EpsNarration\",       \"Fb_TOB_USA_CPS_Android_Growth_20min2D_TypeF_ComicBubble_Rt\",       \"Fb_TOB_USA_CPS_Android_Growth_20min_2D_TypeF_ArrestSceneStart_NameTag_Rt\",       \"Fb_TOB_USA_CPS_Android_Growth_P9V1\",       \"Fb_TOB_USA_CPS_Android_Growth_Sutra_P8V2\",       \"Fb_TOB_USA_CPS_Android_Growth_Sutra_P3V3_Corrected\",       \"Fb_TOB_USA_CPS_Android_Growth_Sutra_P8V1\",       \"Fb_TOB_USA_CPS_Android_Growth_Sutra_P2V6\",       \"Fb_TOB_USA_CPS_Android_Growth_Sutra_P3V3_Old\",       \"Fb_TOB_USA_CPS_IOS_Web2App_December_RS_Growth\"     ]","uxCAMAndroidMinMemory":"4090","uxCAMIOSMinMemory":"0","uxCAMMaxVideoDuration":"200","uxCAMMinVideoDuration":"10","webEpisodesLimit":"3","whiteListedUrlList":"'[\"^https:\\\/\\\/web\\.dashtoon\\.com\\\/.*\", \"^app:\\\/\\\/dashtoon\\\/.*\"]'"},"fetch_time_key":1759686557341,"abt_experiments_key":[],"personalization_metadata_key":{},"template_version_number_key":221,"rollout_metadata_key":[]}