{"configs_key":{"DAYS_FOR_FLEXIBLE_UPDATE":"100","OLD_LOGIN_ENABLE":"false","apex_user_uids":"","app_icon_change":"{   \"StartDate\": \"\",   \"EndDate\": \"\",   \"LogoName\": \"DefaultIcon\",   \"Season\": \"\" }","defaultHomePage1":"true","default_home_tv_guide_iOS":"{\"experimentname\":\"default_home_tv_guide_new\",\"variant\":\"Baseline\",\"data\":true}","default_home_tv_guide_new":"{\"experimentname\":\"default_home_tv_guide\",\"variant\":\"default\",\"data\":false}","default_svod_landscape":"0","default_svod_landscape_iOS":"{\"experimentname\":\"default_svod_landscape\",\"variant\":\"BaseLine\",\"data\":true}","default_svod_landscape_new":"{\"experimentname\":\"default_svod_landscape\",\"variant\":\"default\",\"data\":false}","enable_svod_rail_check_iOS":"{\"experimentname\":\"enable_svod_rail_check\",\"variant\":\"Baseline\",\"data\":false}","enable_svod_rail_check_new":"{\"experimentname\":\"enable_svod_rail_check\",\"variant\":\"default\",\"data\":{\"pref\":false,\"tabId\":1}}","fast_channels_vmap_ads_config":"[{\"channelId\":2327,\"vmapAdspotId\":\"u19itn7k\",\"cuePoints\":[900,1800,2700,3600,4500,5400,6300,7200,8100,9000,9900,10800,11700,12600,13500,14400]},{\"channelId\":2962,\"vmapAdspotId\":\"u19itn7k\",\"cuePoints\":[900,1800,2700,3600,4500,5400,6300,7200,8100,9000,9900,10800,11700,12600,13500,14400]},{\"channelId\":2944,\"vmapAdspotId\":\"u19itn7k\",\"cuePoints\":[900,1800,2700,3600,4500,5400,6300,7200,8100,9000,9900,10800,11700,12600,13500,14400]},{\"channelId\":1148,\"vmapAdspotId\":\"u19itn7k\",\"cuePoints\":[900,1800,2700,3600,4500,5400,6300,7200,8100,9000,9900,10800,11700,12600,13500,14400]},{\"channelId\":3252,\"vmapAdspotId\":\"8vxhm1p5\",\"cuePoints\":[900,1800,2700,3600,4500,5400,6300,7200,8100,9000,9900,10800,11700,12600,13500,14400]},{\"channelId\":3251,\"vmapAdspotId\":\"4n7mcsru\",\"cuePoints\":[900,1800,2700,3600,4500,5400,6300,7200,8100,9000,9900,10800,11700,12600,13500,14400]},{\"channelId\":3250,\"vmapAdspotId\":\"n946ml1c\",\"cuePoints\":[900,1800,2700,3600,4500,5400,6300,7200,8100,9000,9900,10800,11700,12600,13500,14400]},{\"channelId\":3249,\"vmapAdspotId\":\"jep4bl6t\",\"cuePoints\":[900,1800,2700,3600,4500,5400,6300,7200,8100,9000,9900,10800,11700,12600,13500,14400]},{\"channelId\":3248,\"vmapAdspotId\":\"hao2ldpc\",\"cuePoints\":[900,1800,2700,3600,4500,5400,6300,7200,8100,9000,9900,10800,11700,12600,13500,14400]},{\"channelId\":3247,\"vmapAdspotId\":\"dtfol3ju\",\"cuePoints\":[900,1800,2700,3600,4500,5400,6300,7200,8100,9000,9900,10800,11700,12600,13500,14400]},{\"channelId\":3238,\"vmapAdspotId\":\"kiy810e6\",\"cuePoints\":[900,1800,2700,3600,4500,5400,6300,7200,8100,9000,9900,10800,11700,12600,13500,14400]}]","hamburger_click":"[{\"id\":1,\"name\":\"Home\",\"leftIcon\":\"\"},{\"id\":10,\"name\":\"Plans and Offers\",\"leftIcon\":\"\"},{\"id\":2,\"name\":\"Favorites Channel\",\"leftIcon\":\"\"},{\"id\":3,\"name\":\"My Recordings\",\"leftIcon\":\"\"},{\"id\":4,\"name\":\"My watchlist\",\"leftIcon\":\"\"},{\"id\":5,\"name\":\"Settings\",\"leftIcon\":\"\"},{\"id\":13,\"name\":\"My Rewards\",\"leftIcon\":\"\"},{\"id\":6,\"name\":\"Feedback\",\"leftIcon\":\"\"},{\"id\":7,\"name\":\"Support\",\"leftIcon\":\"\"},{\"id\":8,\"name\":\"Jio Recharge\",\"leftIcon\":\"\"},{\"id\":9,\"name\":\"Jio Engage\",\"leftIcon\":\"\"}]","hamburger_click_iOS":"{\"experimentname\":\"hamburger_position\",\"variant\":\"Baseline\",\"data\":[{\"id\":1,\"name\":\"Home\",\"leftIcon\":\"\"},{\"id\":10,\"name\":\"Plans and Offers\",\"leftIcon\":\"\"},{\"id\":2,\"name\":\"Favorites Channel\",\"leftIcon\":\"\"},{\"id\":3,\"name\":\"My Recordings\",\"leftIcon\":\"\"},{\"id\":4,\"name\":\"My watchlist\",\"leftIcon\":\"\"},{\"id\":5,\"name\":\"Settings\",\"leftIcon\":\"\"},{\"id\":11,\"name\":\"My Rewards\",\"leftIcon\":\"\"},{\"id\":6,\"name\":\"Feedback\",\"leftIcon\":\"\"},{\"id\":7,\"name\":\"Support\",\"leftIcon\":\"\"},{\"id\":8,\"name\":\"Jio Recharge\",\"leftIcon\":\"\"},{\"id\":9,\"name\":\"Jio Engage\",\"leftIcon\":\"\"}]}","hamburger_click_new":"{\"experimentname\":\"hamburger_position\",\"variant\":\"default\",\"data\":[{\"id\":1,\"name\":\"Home\",\"leftIcon\":\"\"},{\"id\":10,\"name\":\"Plans and Offers\",\"leftIcon\":\"\"},{\"id\":2,\"name\":\"Favorites Channel\",\"leftIcon\":\"\"},{\"id\":3,\"name\":\"My Recordings\",\"leftIcon\":\"\"},{\"id\":4,\"name\":\"My Watchlist\",\"leftIcon\":\"\"},{\"id\":5,\"name\":\"Settings\",\"leftIcon\":\"\"},{\"id\":13,\"name\":\"My Rewards\",\"leftIcon\":\"\"},{\"id\":6,\"name\":\"Feedback\",\"leftIcon\":\"\"},{\"id\":7,\"name\":\"Support\",\"leftIcon\":\"\"},{\"id\":8,\"name\":\"Jio Recharge\",\"leftIcon\":\"\"},{\"id\":9,\"name\":\"Jio Engage\",\"leftIcon\":\"\"}]}","iOS_ArrPremiumImages":"{\"experimentname\":\"iOS_ArrPremiumImages\",\"variant\":\"Baseline\",\"data\":{\"carousalImage\":\"https:\/\/jiotvimages.cdn.jio.com\/dare_images\/shows\/cms\/premium_thumbnail_ios.png\",\"thumbnailImage\":\"https:\/\/jiotvimages.cdn.jio.com\/dare_images\/shows\/cms\/premium_thumbnail_ios.png\",\"hamburgerImage\":\"https:\/\/jiotvimages.cdn.jio.com\/dare_images\/shows\/cms\/premium_thumbnail_ios.png\",\"bottomsheetImage\":\"https:\/\/jiotvimages.cdn.jio.com\/dare_images\/shows\/cms\/premium_bottomsheet_ios.png\",\"tabBarImage\":\"https:\/\/jiotvimages.cdn.jio.com\/dare_images\/shows\/cms\/premium_thumbnail_ios.png\"}}","iOS_ArrSearchPlaceholder":"{\"experimentname\":\"iOS_ArrSearchPlaceholder\",\"variant\":\"Baseline\",\"data\":{\"languages\":[\"मराठी\",\"हिन्दी\",\"മലയാളം\",\"ಕನ್ನಡ\",\"ગુજરાતી\",\"বাংলা\",\"தமிழ்\",\"తెలుగు\",\"ਪੰਜਾਬੀ\"]}}","iOS_ColorBGTrendingSearch":"{\"experimentname\":\"iOS_ColorBGTrendingSearch\",\"variant\":\"Baseline\",\"data\":\"340201\"}","iOS_DefaultSvodLandscape":"{\"experimentname\":\"iOS_DefaultSvodLandscape\",\"variant\":\"BaseLine\",\"data\":true}","iOS_EnableBottomSheet":"{   \"experimentname\": \"iOS_EnableBottomSheet\",   \"variant\": \"Baseline\",   \"data\": true }","iOS_EnableDarkMode":"{\"experimentname\":\"iOS_EnableDarkMode\",\"variant\":\"Baseline\",\"data\":true}","iOS_IsVpnEnabled":"{\"experimentname\":\"iOS_IsVpnEnabled\",\"variant\":\"Baseline\",\"data\":true}","iOS_OrderHamburger":"{   \"experimentname\": \"iOS_OrderHamburger\",   \"variant\": \"Baseline\",   \"data\": [     {       \"id\": 1,       \"name\": \"Home\",       \"leftIcon\": \"\"     },     {       \"id\": 10,       \"name\": \"Plans and Offers\",       \"leftIcon\": \"\"     },     {       \"id\": 2,       \"name\": \"Favorites Channel\",       \"leftIcon\": \"\"     },     {       \"id\": 3,       \"name\": \"My Recordings\",       \"leftIcon\": \"\"     },     {       \"id\": 4,       \"name\": \"My watchlist\",       \"leftIcon\": \"\"     },     {       \"id\": 5,       \"name\": \"Settings\",       \"leftIcon\": \"\"     },     {       \"id\": 11,       \"name\": \"My Rewards\",       \"leftIcon\": \"\"     },     {       \"id\": 6,       \"name\": \"Feedback\",       \"leftIcon\": \"\"     },     {       \"id\": 7,       \"name\": \"Support\",       \"leftIcon\": \"\"     },     {       \"id\": 8,       \"name\": \"Jio Recharge\",       \"leftIcon\": \"\"     },     {       \"id\": 9,       \"name\": \"Jio Engage\",       \"leftIcon\": \"\"     }   ] }","iOS_RatioVodSticth":"{\"experimentname\":\"enable_svod_rail_check\",\"variant\":\"Baseline\",\"data\":0.667}","iOS_ReorderTab":"{\"experimentname\":\"iOS_ReorderTab\",\"variant\":\"Baseline\",\"data\":{\"topNavigation\":[1,2,3,5,13,17],\"bottomNavigation\":[11,12,24,4,6]}}","iOS_ShowDigitalWatermark":"{   \"experimentname\": \"iOS_ShowDigitalWatermark\",   \"variant\": \"Baseline\",   \"data\": true }","iOS_ShowSvodRail":"{\"experimentname\":\"iOS_ShowSvodRail\",\"variant\":\"Baseline\",\"data\":{\"pref\":false,\"tabId\":1}}","iOS_ShowTvGuideAsDefault":"{\"experimentname\":\"iOS_ShowTvGuideAsDefault\",\"variant\":\"Baseline\",\"data\":false}","inu":"false","isCompanionEnabled":"true","perf_disable":"true","player_seek_progress_multiple":"0.6f","premiumIcons":"{\"thumbnail\":\"https:\/\/jiotvimages.cdn.jio.com\/dare_images\/shows\/cms\/premium_thumbnail_android.png\",\"carousal\":\"https:\/\/jiotvimages.cdn.jio.com\/dare_images\/shows\/cms\/premium_carousal_android.png\",\"hamburger\":\"\",\"bottomSheet\":\"https:\/\/jiotvimages.cdn.jio.com\/dare_images\/shows\/cms\/premium_bottomsheet.png\"}","screenshot_users":"virensavaliya8,Samkit.Sanghavi,Chetan.Burakonda,khushbooyadav598,Priyanka.Lalitmohan.Joshi, puneetshukla_29,prernauppal5,Viraj.Jit.Singh,puneetshukla23,madhvi.bole,Mamta.Kerpal,harishkumarmani_6,swapnilchogale5,savaliyavirenjagdishbhai0,saurabhrangari1,rohitadsule4,vivekanand1062,virensavaliya8,madhuradeshpande8,nikitapawar8,sandeepiyer3,madhvibole5,basantkumarchakravortty0,harishkumarmani_6,ril9336108826,gayatrichaudhari-1","searched_tabs_order":"[{\"1\":[\"channels\",\"live\",\"catchup\",\"movies\",\"shows\",\"videos\",\"games\"]},{\"2\":[\"channels\",\"live\",\"catchup\",\"movies\",\"shows\",\"videos\",\"games\"]},{\"3\":[\"shows\",\"live\",\"catchup\",\"movies\",\"channels\",\"videos\",\"games\"]},{\"4\":[\"games\",\"videos\",\"channels\",\"live\",\"catchup\",\"movies\",\"shows\"]},{\"5\":[\"live\",\"catchup\",\"channels\",\"movies\",\"shows\",\"videos\",\"games\"]},{\"6\":[\"live\",\"catchup\",\"games\",\"movies\",\"shows\",\"channels\",\"videos\"]},{\"12\":[\"channels\",\"live\",\"catchup\",\"movies\",\"shows\",\"videos\",\"games\"]},{\"13\":[\"live\",\"catchup\",\"movies\",\"shows\",\"videos\",\"channels\",\"games\"]},{\"15\":[\"games\",\"channels\",\"live\",\"catchup\",\"movies\",\"shows\",\"videos\"]},{\"default\":[\"channels\",\"live\",\"catchup\",\"movies\",\"shows\",\"videos\",\"games\"]}]","setting_position_new":"{\"experimentname\":\"setting_position\",\"variant\":\"default\",\"data\":\"middle\"}","showBottomsheet":"true","showDigitalWatermark":"false","show_past_program_first_new":"{\"experimentname\":\"show_past_program_first\",\"variant\":\"default\",\"data\":false}","show_watermark":"true","ssl_pining":"true","tab_reorder_iOS":"{\"experimentname\":\"tab_reorder_new\",\"variant\":\"Baseline\",\"data\":{\"topNavigation\":[1,2,17,5,13,12],\"bottomNavigation\":[11,24,4,6,3]}}","tab_reorder_new":"{\"experimentname\":\"tab_reorder\",\"variant\":\"default\",\"data\":{\"topNavigation\":[1,2,5,4,3,6,13],\"bottomNavigation\":[11,12,24,15,17]}}","trendingSearchBGColor":"ff0000","vodStitchRatio":"0.667"},"fetch_time_key":1759676691367,"abt_experiments_key":[],"personalization_metadata_key":{},"template_version_number_key":376,"rollout_metadata_key":[]}