{"configs_key":{"content_descriptor_delay_on_player_screen":"5.0","exo2_buffer_for_playback_after_rebuffer_ms":"5000","exo2_buffer_for_playback_ms":"2500","exo2_max_buffer_ms":"50000","exo2_min_buffer_ms":"15000","explore_enabled":"true","google_payment_af_enable":"true","google_payment_bd_enable":"true","google_payment_bt_enable":"true","google_payment_id_enable":"true","google_payment_in_enable":"true","google_payment_lk_enable":"true","google_payment_mv_enable":"true","google_payment_my_enable":"true","google_payment_np_enable":"true","in_app_review_enabled":"true","login_email_enabled":"true","login_phone_enabled":"true","min_duration_for_quality_increase_ms":"2000","more_like_this_enabled":"true","more_like_this_fallback":"5","onboarding_items":"3","onboarding_questionnaire":"false","only_show_base_subscription_page":"true","paytm_payment_in_enable":"true","paytm_payment_splunk_enable":"true","paytm_payment_upi_enable":"false","paytm_payment_wallet_enable":"true","payu_credit_card_enable":"true","payu_debit_card_enable":"true","should_Hide_Explore_Movie_Series_Button":"true","should_Show_OTP_Login_Screen_First":"true","show_delete_account_button":"true","signup_email_enabled":"true","signup_phone_enabled":"true","web_payu_view_required":"false"},"fetch_time_key":1759668580488,"abt_experiments_key":[],"personalization_metadata_key":{},"template_version_number_key":71}