{"Fid":"f0bDGHM5QYSVdiNZgpAEdc","Status":3,"AuthToken":"eyJhbGciOiJFUzI1NiIsInR5cCI6IkpXVCJ9.eyJhcHBJZCI6IjE6NDYxOTI0ODEyMzgyOmFuZHJvaWQ6MTE5ZDBmOTM1MTlmMzg0ZDI5MTZjZiIsImV4cCI6MTc2MjAyMzA0OCwiZmlkIjoiZjBiREdITTVRWVNWZGlOWmdwQUVkYyIsInByb2plY3ROdW1iZXIiOjQ2MTkyNDgxMjM4Mn0.AB2LPV8wRgIhALd6vwXzwatT8nyR786PtyB9WYUUN90mzg_dNGcNCmkhAiEA8TNxCpaMk--VI3j3tdb_Rliwl_PIqa2cVnJ414gQc8g","RefreshToken":"3_AS3qfwIVKWMsYqom7HuZfDMUm2hUpB70aiKjJsG0dS9lvB0qNTM35oWRFLuqBTirbcfB7cvgaMsV7Gr4dn1858R2DiWhX-wRB1s18cWJ7tyjApc","TokenCreationEpochInSecs":1761418248,"ExpiresInSecs":604800}