{"Fid":"dPw5-8HFT6SYzm7iaWjySh","Status":3,"AuthToken":"eyJhbGciOiJFUzI1NiIsInR5cCI6IkpXVCJ9.eyJhcHBJZCI6IjE6MTAyMzEzMzcyODg5NDphbmRyb2lkOmYyNWE2NzFmNTE5NGUxZDYxOGQ4MmYiLCJleHAiOjE3NjE0ODg2NTgsImZpZCI6ImRQdzUtOEhGVDZTWXptN2lhV2p5U2giLCJwcm9qZWN0TnVtYmVyIjoxMDIzMTMzNzI4ODk0fQ.AB2LPV8wRAIgAtLYexTaM89at7M7E6MxGJ4XFrRz-IymKvUAKs2q6BYCICTGJuOm0AXAicDjrNG5GyLbzKUPA4cxEYteZXBBd2jO","RefreshToken":"3_AS3qfwJY4i6T8Av0uNhVnVQb3em132jTOorJiYW0G6HtfymTJ1OfzcrFnQRJ0bQ_LJhmB4OjdGjPbmE8BXwy-cwNStjj9I0a7PdYo_W_RKUWnn8","TokenCreationEpochInSecs":1760883857,"ExpiresInSecs":604800}