{"Fid":"f_pCQDNJQYC2mZEoA_IX-z","Status":3,"AuthToken":"eyJhbGciOiJFUzI1NiIsInR5cCI6IkpXVCJ9.eyJhcHBJZCI6IjE6MzU0ODAwNjQ1MzI5OmFuZHJvaWQ6NGM2NjY0NGY4NDc1MTUwYiIsImV4cCI6MTc1OTk0OTQ5OCwiZmlkIjoiZl9wQ1FETkpRWUMybVpFb0FfSVgteiIsInByb2plY3ROdW1iZXIiOjM1NDgwMDY0NTMyOX0.AB2LPV8wRAIgfZVTDqp1iO9LYSIweBsMRB9Mf4n5BdNC9P2B_b0lKHkCIAWkY_nkPi-IHCgzzPdmmqLkDYS7WQTwwhoPaknMGtOb","RefreshToken":"3_AS3qfwJDMfi5y6drowOGxvthVqkgecctswadHc9BMrTofXMfbX4xL093BtNpJN-GuZdB5vDqXyRjC7_syZDiTl9jhzULWmklpG3ZClFa4Ep1q5A","TokenCreationEpochInSecs":1759344697,"ExpiresInSecs":604800}