{"Fid":"c6EojheJTs-TBWC17cUKtP","Status":3,"AuthToken":"eyJhbGciOiJFUzI1NiIsInR5cCI6IkpXVCJ9.eyJhcHBJZCI6IjE6MjM0MjU0MjQ5NTE0OmFuZHJvaWQ6ZjU3MTRhM2FlOGZmNzU0OWE5OWQ1MyIsImV4cCI6MTc2MDI3MzM4MiwiZmlkIjoiYzZFb2poZUpUcy1UQldDMTdjVUt0UCIsInByb2plY3ROdW1iZXIiOjIzNDI1NDI0OTUxNH0.AB2LPV8wRgIhAPwCZRAWhBLoPpPZuPxcOgsCp7pnOhufR1xZhlKrH8R9AiEA5eOF0TXqJSG4wEwvvjR1RE2ljUDGXfQlKclwJrdxno8","RefreshToken":"3_AS3qfwI4L8eZqn-ZSndPytCQ-WFhuLJ2lzMiX4wqR2gdHd6GO5kkP4JbohW_WdOAGHu6I3vhekAilfeM8nm4qs-4gtamsldDyVnTo_nQHIvyoVI","TokenCreationEpochInSecs":1759668581,"ExpiresInSecs":604800}