{"Fid":"ctbql2yUQ-e3-fou6HZlYC","Status":3,"AuthToken":"eyJhbGciOiJFUzI1NiIsInR5cCI6IkpXVCJ9.eyJhcHBJZCI6IjE6NjU2MDU1OTI0NTM3OmFuZHJvaWQ6Y2VmZTkyOGMxODlhYjcxYzVkOWFlOCIsImV4cCI6MTc2MDI5NTA4OCwiZmlkIjoiY3RicWwyeVVRLWUzLWZvdTZIWmxZQyIsInByb2plY3ROdW1iZXIiOjY1NjA1NTkyNDUzN30.AB2LPV8wRAIgdJ8uNlzyBNsZxr3gE_7u7FjzIBYXa5FPC49nWYRbG6MCIGQs_HtuQVmtOEzCHvOtl6xJjrUewr75oESQ-fcEVY51","RefreshToken":"3_AS3qfwKpfmC5KYfF9J0OB8vfQdOzMjBlN4YqmtkyerobEo59-PC5ScNQV7LYr2DO_VK7d_475g-PAPokNSeFTI5-a-Dek6KTacfre4mlwnqM9Gk","TokenCreationEpochInSecs":1759690287,"ExpiresInSecs":604800}