{"Fid":"c-Mbn1HpRhWQoFI3sMJbbm","Status":3,"AuthToken":"eyJhbGciOiJFUzI1NiIsInR5cCI6IkpXVCJ9.eyJhcHBJZCI6IjE6ODAwNzk1OTE2OTk5OmFuZHJvaWQ6ZGViOWMyNzUzYzU5MGRjNCIsImV4cCI6MTc1OTk3NDk3MiwiZmlkIjoiYy1NYm4xSHBSaFdRb0ZJM3NNSmJibSIsInByb2plY3ROdW1iZXIiOjgwMDc5NTkxNjk5OX0.AB2LPV8wRgIhANxbKvb5yp7OmFUZEsP_9UjPeeoNpY0y3jeTZWecI1MoAiEAm-1vO0RlSruFD0sZQYMy_LcxEJ6Hx1YynBHQKNS-NGA","RefreshToken":"3_AS3qfwImWbEcHBIhLSrLxh_jPkHzRUTOsdMzZvfbOir3OrB-lH22SR9NcepMdCtmsGj25eD3eCkOGVFozjF2mgGQmbvemoNdA-Ttds-VbX-A3bM","TokenCreationEpochInSecs":1759370172,"ExpiresInSecs":604800}