{"Fid":"e8iwAZxORCKfiqDIOkf6cT","Status":3,"AuthToken":"eyJhbGciOiJFUzI1NiIsInR5cCI6IkpXVCJ9.eyJhcHBJZCI6IjE6MzU0ODAwNjQ1MzI5OmFuZHJvaWQ6NGM2NjY0NGY4NDc1MTUwYiIsImV4cCI6MTc1OTkwNjA2MSwiZmlkIjoiZThpd0FaeE9SQ0tmaXFESU9rZjZjVCIsInByb2plY3ROdW1iZXIiOjM1NDgwMDY0NTMyOX0.AB2LPV8wRgIhANEtXcW1GGoRen3Y4qUvIjeN6hXpWTmf9KB1EyR4_0UJAiEAxm2lRyBKHUbdF5gqsB6TklqTVnWt5gLLpG5mnI5MvaI","RefreshToken":"3_AS3qfwKmm-hxAvesOuvWCudusKjU_NMajGi1yZRm88DOXV_nFbFxsKb5_iUxlzwzPcjXBv3iQ8tWGEFjJ01HHudTdFkgrJ_6cKs_zxClT5C_88I","TokenCreationEpochInSecs":1759301260,"ExpiresInSecs":604800}