{"Fid":"eX_VdUuNRUWrDgScCTa2IH","Status":3,"RefreshToken":"3_AS3qfwJbNgYkLvME2n2rvRXWrb7TpieIcD0N37n9eTNJMH_K5wAG9gmc8Ap4xy54N3Kv6gxcIpmXgjEu4G4nuk3bND7rq8qvSkGIOnr7Yjjhhg","AuthToken":"eyJhbGciOiJFUzI1NiIsInR5cCI6IkpXVCJ9.eyJhcHBJZCI6IjE6MzY3MjY5MDA4OTg2OmFuZHJvaWQ6NzliMWNhNTQ5NTQxMTEyNCIsImV4cCI6MTc1NzEwMDQyOCwiZmlkIjoiZVhfVmRVdU5SVVdyRGdTY0NUYTJJSCIsInByb2plY3ROdW1iZXIiOjM2NzI2OTAwODk4Nn0.AB2LPV8wRAIgR9r9DZr5nRhCkbGASt2ReNSD_dWfsVEOrETIavczO-kCIED8tTRMEcGLSN3QeXbuQZYdhpl0ZXV9FmjoEfnjVWIK","TokenCreationEpochInSecs":1756495627,"ExpiresInSecs":604800}