{"Fid":"dEL3b5YsQ5m47l7FM-BBDC","Status":3,"AuthToken":"eyJhbGciOiJFUzI1NiIsInR5cCI6IkpXVCJ9.eyJhcHBJZCI6IjE6NDg0Mjg2MDgwMjgyOmFuZHJvaWQ6N2ViNTE2ZDQ5YmI0YWQxMSIsImV4cCI6MTc2MDA0MDA3MywiZmlkIjoiZEVMM2I1WXNRNW00N2w3Rk0tQkJEQyIsInByb2plY3ROdW1iZXIiOjQ4NDI4NjA4MDI4Mn0.AB2LPV8wRgIhAJj5_KgeCdGyfAP7WjwmmLQgohIxnuyWOXhO47mPPTp5AiEAxBcwwSxwLEh8vOoLoqmTNj8OJps_Fx0OQGuhvfUiO68","RefreshToken":"3_AS3qfwJ-SW1D0mPIjp8uaF4N_kStDgAgC2ituCk6GRIUdKCc0tK248yNrZuuPBmtpeM-RVz18nzLEVtWGO6yHOJgRUF9Qez2NC5ICPKLsBXDztU","TokenCreationEpochInSecs":1759435272,"ExpiresInSecs":604800}