{"Fid":"dnSF4bkPTG-_4NOHdvTjfw","Status":3,"AuthToken":"eyJhbGciOiJFUzI1NiIsInR5cCI6IkpXVCJ9.eyJhcHBJZCI6IjE6MzU0ODAwNjQ1MzI5OmFuZHJvaWQ6NGM2NjY0NGY4NDc1MTUwYiIsImV4cCI6MTc1OTkyNzc1OCwiZmlkIjoiZG5TRjRia1BURy1fNE5PSGR2VGpmdyIsInByb2plY3ROdW1iZXIiOjM1NDgwMDY0NTMyOX0.AB2LPV8wRAIgIiFn6Oylvj9cCT49n98gQzMl5KGCqcgKGBLgNCEcJLsCIAQHSt-j3XP7o0EOZKVA-0E6quswwB_PDbtOcpAlsyRl","RefreshToken":"3_AS3qfwIs_r0bAkYn3hzmMyxToRfRn0bJO5oWb467g1StF9zgS7-FNJ_OzqzQgiGOIiM_ZKAiqBE-ptkS5YGC7-VK3t3MPbHhGkLXMr1I-BFNLtE","TokenCreationEpochInSecs":1759322957,"ExpiresInSecs":604800}