{"Fid":"e5JgPtihTWO11xYCrpFI4d","Status":3,"AuthToken":"eyJhbGciOiJFUzI1NiIsInR5cCI6IkpXVCJ9.eyJhcHBJZCI6IjE6NjU2MDU1OTI0NTM3OmFuZHJvaWQ6Y2VmZTkyOGMxODlhYjcxYzVkOWFlOCIsImV4cCI6MTc2MDI4NDI0MCwiZmlkIjoiZTVKZ1B0aWhUV08xMXhZQ3JwRkk0ZCIsInByb2plY3ROdW1iZXIiOjY1NjA1NTkyNDUzN30.AB2LPV8wRQIhAKvumpMQYSAg6wGqw7wBcSJdL5l3U-iAUYfheHcx78JnAiB_8k3zElseFEdj6Jbx1UkP3SCHNYGzF7yhzl90M0H1uA","RefreshToken":"3_AS3qfwIYa3SiKZ_gJwcq4gvk3KAfY-_H2FxJOJ8EfaFJbIlX3cj9gIZ3cffJtCHJU5URnJQQcPXpfvMZo-1hWTWX2St9SC82iLcphtYahC2eUQ","TokenCreationEpochInSecs":1759679438,"ExpiresInSecs":604800}