{"Fid":"ezISnUVkQZ2c90eOXHHnNw","Status":3,"AuthToken":"eyJhbGciOiJFUzI1NiIsInR5cCI6IkpXVCJ9.eyJhcHBJZCI6IjE6MzU0ODAwNjQ1MzI5OmFuZHJvaWQ6NGM2NjY0NGY4NDc1MTUwYiIsImV4cCI6MTc1OTg5ODMyMywiZmlkIjoiZXpJU25VVmtRWjJjOTBlT1hISG5OdyIsInByb2plY3ROdW1iZXIiOjM1NDgwMDY0NTMyOX0.AB2LPV8wRQIhAKDHuZy4SYzFav-wbr0BVSsekXkeuJzHSQQluVaJxK3FAiALU8o5Nanycg6wVoDYOBc_g-WqUaXc4rs8Y4Sq6rFHIQ","RefreshToken":"3_AS3qfwJAV9QgLTHKCHba6ppI0ZK1JU8NUQelCemFhuic-2D7t7w3D90Ltrm1aduX_d5X-UL_3R-xD9YqeaOLEcLJ9K4XDOu9_4jwsZ62-pTaAeE","TokenCreationEpochInSecs":1759293522,"ExpiresInSecs":604800}