{"Fid":"fhhJ443gQ_iXXeLTLiYUqN","Status":3,"AuthToken":"eyJhbGciOiJFUzI1NiIsInR5cCI6IkpXVCJ9.eyJhcHBJZCI6IjE6NjU2MDU1OTI0NTM3OmFuZHJvaWQ6Y2VmZTkyOGMxODlhYjcxYzVkOWFlOCIsImV4cCI6MTc2MDI5MTM1OCwiZmlkIjoiZmhoSjQ0M2dRX2lYWGVMVExpWVVxTiIsInByb2plY3ROdW1iZXIiOjY1NjA1NTkyNDUzN30.AB2LPV8wRQIhAN2poukB5bFkchEP0KdCKsHzlZeCF6QZd6l75drLISBEAiAmrK6DQ99GojxX6H5YL3EoHnmV6248oU87Q0Yi9Q7wYQ","RefreshToken":"3_AS3qfwIT7HDQE1TO7EUfpDke_kqzZJyu6YT7c3sqh39HWxzO2TR9y39m2j6O68IAImIuvzXXLJoAIZzP3YV_30Cf1J5iOHYSy5j3jYPmisCI-GA","TokenCreationEpochInSecs":1759686557,"ExpiresInSecs":604800}