{"Fid":"flDsurTmSR6wkd9_9cCjQy","Status":3,"AuthToken":"eyJhbGciOiJFUzI1NiIsInR5cCI6IkpXVCJ9.eyJhcHBJZCI6IjE6ODAwNzk1OTE2OTk5OmFuZHJvaWQ6ZGViOWMyNzUzYzU5MGRjNCIsImV4cCI6MTc1OTgyOTc0NiwiZmlkIjoiZmxEc3VyVG1TUjZ3a2Q5XzljQ2pReSIsInByb2plY3ROdW1iZXIiOjgwMDc5NTkxNjk5OX0.AB2LPV8wRQIhAKZnLJByyxXWUNV6LzkMiOJqbe9GQIN7pJfwkbBx4uYoAiA9GfAPCYTjgeucu7OJcqzWW_go0j24A_JErpgvP_ePFQ","RefreshToken":"3_AS3qfwJmveypZg0n-le-2KNYLkHGr4adW_ZtIvtNF9bPSk_x7VdFhTpqR-PmUjj0xzjQbW58IMEg0LcJ7LZl-ELHI0RbplhrM2_PY9YJSGdA4w","TokenCreationEpochInSecs":1759224945,"ExpiresInSecs":604800}