{"Fid":"eME2CnijQ6iWA-1Zm5sBdJ","Status":3,"AuthToken":"eyJhbGciOiJFUzI1NiIsInR5cCI6IkpXVCJ9.eyJhcHBJZCI6IjE6NDk0NTk3NDQ1MDE0OmFuZHJvaWQ6Nzc5ZDc5Zjc1MTgzYmY2NSIsImV4cCI6MTc2MDQ1Nzg2NywiZmlkIjoiZU1FMkNuaWpRNmlXQS0xWm01c0JkSiIsInByb2plY3ROdW1iZXIiOjQ5NDU5NzQ0NTAxNH0.AB2LPV8wRQIhAIxy8LwpVZ21KJUWPNIZofoSbXJOezC_IMVTUFnfY2v8AiAGgK4SOyzO9RAFIxKo4LUjngJ9gjvbkp_7H2pi2HyXbw","RefreshToken":"3_AS3qfwL0Rruvc3DhJEdbTwOxgEXxdWioy4fF82814YHt95rDxiiG06iUC1DoBPs_l5WgrNOILxpho2QVnNthLFvehZ7btQSiD5fJyNymjrGOdKw","TokenCreationEpochInSecs":1759853065,"ExpiresInSecs":604800}