{"Fid":"e1Ro3ZvjTGuXJnrmBnEhdy","Status":3,"AuthToken":"eyJhbGciOiJFUzI1NiIsInR5cCI6IkpXVCJ9.eyJhcHBJZCI6IjE6NjU2MDU1OTI0NTM3OmFuZHJvaWQ6Y2VmZTkyOGMxODlhYjcxYzVkOWFlOCIsImV4cCI6MTc2MDI5NDQyNSwiZmlkIjoiZTFSbzNadmpUR3VYSm5ybUJuRWhkeSIsInByb2plY3ROdW1iZXIiOjY1NjA1NTkyNDUzN30.AB2LPV8wRAIgXraU1m76j2fsmYIYpAIdQ9W_vlP2jPSY9TZ6gtVvs3UCIEJoFu9VO7Mi1Rx-JQg-LXSKRskuPpQgsVLo2f6JgK-S","RefreshToken":"3_AS3qfwKWSVniVPWRa9J58kgSWRzNM4CM1wq0djt5Mp6Mki_fnLpfDDBpyHTqtg7UO9W7vde29EqvlOPTAuqVSIK3boY7VqzvVqdF2l4BfJT_qeU","TokenCreationEpochInSecs":1759689624,"ExpiresInSecs":604800}