{"Fid":"dzb4-A6VQxmB4SNLT1IGY6","Status":3,"AuthToken":"eyJhbGciOiJFUzI1NiIsInR5cCI6IkpXVCJ9.eyJhcHBJZCI6IjE6NDg0Mjg2MDgwMjgyOmFuZHJvaWQ6N2ViNTE2ZDQ5YmI0YWQxMSIsImV4cCI6MTc2MDExMjgwNywiZmlkIjoiZHpiNC1BNlZReG1CNFNOTFQxSUdZNiIsInByb2plY3ROdW1iZXIiOjQ4NDI4NjA4MDI4Mn0.AB2LPV8wRQIhAOj575lQQynzFohp4dIVcscjoHl5UKfoZIMiXfJ3J8KcAiAvgFpmV0Pmg2AejaPg8cyAIV7jBEXQ6YCP6fMmmiUjfw","RefreshToken":"3_AS3qfwKNUZgpKHeKnZ7R21OZ_1ZNQVY2tlcrSEZ1yhHuwUtWaDSoP-654BO_ctIzNgFVDaocqqhW00u_HSYcrevcTC883kxmQWtCBZtvj1XHRQ","TokenCreationEpochInSecs":1759508006,"ExpiresInSecs":604800}