{"Fid":"c_hIFxG_Ttq0mFDYz0DLma","Status":3,"AuthToken":"eyJhbGciOiJFUzI1NiIsInR5cCI6IkpXVCJ9.eyJhcHBJZCI6IjE6NDg0Mjg2MDgwMjgyOmFuZHJvaWQ6N2ViNTE2ZDQ5YmI0YWQxMSIsImV4cCI6MTc2MDEyNjYxMiwiZmlkIjoiY19oSUZ4R19UdHEwbUZEWXowRExtYSIsInByb2plY3ROdW1iZXIiOjQ4NDI4NjA4MDI4Mn0.AB2LPV8wRgIhAOsu3ePK7UqUPTbUoA3T4l_uKXXLRqM2Aj-L1sTl-uZHAiEAmwCW4cUPfS7Zc1quN9wrrnORW6lNddm6AfHxqeJuILQ","RefreshToken":"3_AS3qfwL__3r6p6DZc9gp9v676UCzarHPvybHVnTpkYhV0GT67AcptL0LDQGCMLMnZyxDDPQ0BeKVKcRow5ReGOK_ALItwt3PJP4jtovbmVvYbQg","TokenCreationEpochInSecs":1759521811,"ExpiresInSecs":604800}