{"Fid":"fFKYZM8mT-mVRAfkcNG1WP","Status":3,"AuthToken":"eyJhbGciOiJFUzI1NiIsInR5cCI6IkpXVCJ9.eyJhcHBJZCI6IjE6NDYxOTI0ODEyMzgyOmFuZHJvaWQ6MTE5ZDBmOTM1MTlmMzg0ZDI5MTZjZiIsImV4cCI6MTc2MjAyNDkxOSwiZmlkIjoiZkZLWVpNOG1ULW1WUkFma2NORzFXUCIsInByb2plY3ROdW1iZXIiOjQ2MTkyNDgxMjM4Mn0.AB2LPV8wRAIgD88QTlvBTL0JEblUosiTbecSOJR8lSQyMTKqZkJ8fn4CIEJzQ6QAusLjMT4k0bOC8wdughR48k25arPCLD41EOOa","RefreshToken":"3_AS3qfwKi8nMxaCxgh9Yp1Zrmdil4EzQpQbdHBVYHgWKlJylVQiVx4M9-QaDTBemWEE1o-MDRp-FJcv8j1Ph8F-Osx3Ialeo5XcZuxJueuaJv0zk","TokenCreationEpochInSecs":1761420119,"ExpiresInSecs":604800}