{"Fid":"dxHX2MYfRf2XVjZyQnvc-n","Status":3,"AuthToken":"eyJhbGciOiJFUzI1NiIsInR5cCI6IkpXVCJ9.eyJhcHBJZCI6IjE6NjU2MDU1OTI0NTM3OmFuZHJvaWQ6Y2VmZTkyOGMxODlhYjcxYzVkOWFlOCIsImV4cCI6MTc2MDI4NjkzMywiZmlkIjoiZHhIWDJNWWZSZjJYVmpaeVFudmMtbiIsInByb2plY3ROdW1iZXIiOjY1NjA1NTkyNDUzN30.AB2LPV8wRgIhAK6msFoqNDogAFKMntKzQBFJV7wEZbR3aEafXFNqb5eOAiEAslD5VsgnxeYDKR0PYFdGTJNxbUlYmDtKgcRfvzxOkXs","RefreshToken":"3_AS3qfwLTqNYEgEQ3CLvuPe3-UFuISCTDCagGofmPafv-Ck4y4Ysm1towZuLHQzUCvg-mRIEfuqL53cz8atfm4S5L42AyDxPkSoTEzf0xS95AxI0","TokenCreationEpochInSecs":1759682132,"ExpiresInSecs":604800}