{"Fid":"cMJs8xa3TcWZGQrDO6zB7h","Status":3,"AuthToken":"eyJhbGciOiJFUzI1NiIsInR5cCI6IkpXVCJ9.eyJhcHBJZCI6IjE6NjU2MDU1OTI0NTM3OmFuZHJvaWQ6Y2VmZTkyOGMxODlhYjcxYzVkOWFlOCIsImV4cCI6MTc2MDI5NTQwNiwiZmlkIjoiY01Kczh4YTNUY1daR1FyRE82ekI3aCIsInByb2plY3ROdW1iZXIiOjY1NjA1NTkyNDUzN30.AB2LPV8wRgIhAKEIYi_TqLzAVFfdxcjgtQSTAN0RLhl_nkpQJ2cy24kkAiEA3tMCvN9SKjV9aNXzok3wsQl5U_ilN6OBUujURGG0Ito","RefreshToken":"3_AS3qfwJD2j2cKH7S0SUrV45YoHigeWoz8iDVoKP-ja7Rq-TFANWqkJAwBJO6wCnHv28r20VWcjWO3gtF-kMDiesjBfwHkqTAZUOae0l9biCXyUI","TokenCreationEpochInSecs":1759690605,"ExpiresInSecs":604800}