{"Fid":"dkJoZ2X7QQSznWbRK-vDnM","Status":3,"AuthToken":"eyJhbGciOiJFUzI1NiIsInR5cCI6IkpXVCJ9.eyJhcHBJZCI6IjE6MzU0ODAwNjQ1MzI5OmFuZHJvaWQ6NGM2NjY0NGY4NDc1MTUwYiIsImV4cCI6MTc1OTg2NDIwMSwiZmlkIjoiZGtKb1oyWDdRUVN6bldiUkstdkRuTSIsInByb2plY3ROdW1iZXIiOjM1NDgwMDY0NTMyOX0.AB2LPV8wRQIhALnFTQljDOtxhVQbRI58_6LpZE9SAzSGVuL0vLaX23dlAiALBf0ZHXobZsCvDK8m8CqTT-a27DxFAPIIiLAHiPlDYg","RefreshToken":"3_AS3qfwLGV0ejTfOJUedQ__c1kLPaMMdPL0tVYUrqPEAtfe8kEamkgBA95peyJz-wYPb8yZL8dmTvQNC7AfkmtoCoFwfoEC0UZNNqDtulntNfi_4","TokenCreationEpochInSecs":1759259401,"ExpiresInSecs":604800}