{"Fid":"f5KVPMu7S3CWTy5d99kEYr","Status":3,"AuthToken":"eyJhbGciOiJFUzI1NiIsInR5cCI6IkpXVCJ9.eyJhcHBJZCI6IjE6ODc4MDA4NzE3NDA2OmFuZHJvaWQ6ZTAwN2NmYWExMjA2OGRiZjE1YTRjZiIsImV4cCI6MTc1NjgwMzU5MiwiZmlkIjoiZjVLVlBNdTdTM0NXVHk1ZDk5a0VZciIsInByb2plY3ROdW1iZXIiOjg3ODAwODcxNzQwNn0.AB2LPV8wRQIgMJCz2ddYvVVn95sBT_aNRsqpAXUvCBylCrZ2ItlghUkCIQCrITKmK2WK3xZgq6NiLLvzFQQaRQXR9iFgYr3X2IVYrQ","RefreshToken":"3_AS3qfwJvaxq4J8k-ZuoeScx16dSuWjAmrsXrj2uBQK9-Ge1Zx2cUdBXGzltTH0yY7fZz2IoFpn3aPeibTp_7jov0sx2Eupg0bTv2kStzTWBtA5M","TokenCreationEpochInSecs":1756198796,"ExpiresInSecs":604800}