{"Fid":"cPsAF5G0SvWuctHL2QDfSX","Status":3,"AuthToken":"eyJhbGciOiJFUzI1NiIsInR5cCI6IkpXVCJ9.eyJhcHBJZCI6IjE6MzU0ODAwNjQ1MzI5OmFuZHJvaWQ6NGM2NjY0NGY4NDc1MTUwYiIsImV4cCI6MTc1OTkwNDYwNSwiZmlkIjoiY1BzQUY1RzBTdld1Y3RITDJRRGZTWCIsInByb2plY3ROdW1iZXIiOjM1NDgwMDY0NTMyOX0.AB2LPV8wRAIgDObG3dl6ZQTmT9Y1K75Vzj9Mm66-sAI8-aaJJI8Iyo4CIHoLQpt2UWGWnuDYfoOrG1Kcuox1xK89PMS69zdCfpzq","RefreshToken":"3_AS3qfwKzw1RAJWKuS9dp82v7pQEoJdCW9w5sT756Ph7Yiu77ZTRLG2wZ_ZKQELPGDf99C0Qh-bni1tyGTAgeuQ8VcmmSKN1fVpeaTOvB5qQeBHY","TokenCreationEpochInSecs":1759299804,"ExpiresInSecs":604800}