{"Fid":"cLmPyfYtSFqYepT5w8vY3O","Status":3,"RefreshToken":"3_AS3qfwLn96Gq6GfgBMfvGrR6FG5aS8du5AsFlT481yR0cBNqIwlTSmWDdVmo4ShOLJPOvvuadfJrAYNK1QTL91AI4aNLW9MxSrgbO1N9rCuvpow","AuthToken":"eyJhbGciOiJFUzI1NiIsInR5cCI6IkpXVCJ9.eyJhcHBJZCI6IjE6MzY3MjY5MDA4OTg2OmFuZHJvaWQ6NzliMWNhNTQ5NTQxMTEyNCIsImV4cCI6MTc1NzIzODM4MSwiZmlkIjoiY0xtUHlmWXRTRnFZZXBUNXc4dlkzTyIsInByb2plY3ROdW1iZXIiOjM2NzI2OTAwODk4Nn0.AB2LPV8wRAIgPk50fS77PrKRjenL1riJtBRcVlLd9G8KY1n33cKlF3oCIGS8d8DtFuUBfuKVrjj9lDNJtj5DAJDgsWGUAwBGzffu","TokenCreationEpochInSecs":1756633581,"ExpiresInSecs":604800}