{"Fid":"eaHXqgHgRNG9zaNs40bNCe","Status":3,"AuthToken":"eyJhbGciOiJFUzI1NiIsInR5cCI6IkpXVCJ9.eyJhcHBJZCI6IjE6MzY4NjUyMjY0MTA3OmFuZHJvaWQ6OTMwYWJhOWIyNzQxZmM5NTI5OGRlZSIsImV4cCI6MTc1OTAwMDc3NCwiZmlkIjoiZWFIWHFnSGdSTkc5emFOczQwYk5DZSIsInByb2plY3ROdW1iZXIiOjM2ODY1MjI2NDEwN30.AB2LPV8wRgIhAOlb0ILANbeGJqLodjlcX9bw1HwsxFbRGI5O3HPMUsGnAiEAzWgE9u1ix7FfZJvDpF2R68o--vV0idM7WNPF10Ck_kc","RefreshToken":"3_AS3qfwKrL_RyRtAltLYcap2kdQu4N0NVeYhhsCCxk1c_6x_cR6UF5WdmFjSyr4_5CFuAJhEnpJBeeYaBdMR7C-KBfJqfXXmqlBsyxS4daqVn9A","TokenCreationEpochInSecs":1758395973,"ExpiresInSecs":604800}