{"Fid":"e4Obc3mNRpm2bMLRAoKGy0","Status":3,"AuthToken":"eyJhbGciOiJFUzI1NiIsInR5cCI6IkpXVCJ9.eyJhcHBJZCI6IjE6MzY4NjUyMjY0MTA3OmFuZHJvaWQ6OTMwYWJhOWIyNzQxZmM5NTI5OGRlZSIsImV4cCI6MTc1OTAwMTUxNywiZmlkIjoiZTRPYmMzbU5ScG0yYk1MUkFvS0d5MCIsInByb2plY3ROdW1iZXIiOjM2ODY1MjI2NDEwN30.AB2LPV8wRQIgcArrmE0UdWUyVs3l07plhCntQ4CrhzQatr_L-Icbxg8CIQDtD_NlCdduCGzavHNTK_upkCKM03uMYdm9kocIH596cg","RefreshToken":"3_AS3qfwJOth7AWWTXY4uVHI-7WU0eJX6JFGijk7cPAgXOJDZHXah4f7kTBM6upbn-fUtwpzwTIOcsZ3ROTe3PsX2D4euFXSWcAhU6L5dLHDFuUQ","TokenCreationEpochInSecs":1758396716,"ExpiresInSecs":604800}