{"Fid":"fwnSyNY7QpOi8ZjF2h_xH_","Status":3,"RefreshToken":"3_AS3qfwLiLo7IVhVjjesdu_mJG_Eyk-f-3YIr_3chf9jlSAj1EO3DEG-Bkqfy151Ddklb9dO4i8IsGoVnyHvnZwEdNOUWTjDh0XvQFNwH_iBrZes","AuthToken":"eyJhbGciOiJFUzI1NiIsInR5cCI6IkpXVCJ9.eyJhcHBJZCI6IjE6MzY3MjY5MDA4OTg2OmFuZHJvaWQ6NzliMWNhNTQ5NTQxMTEyNCIsImV4cCI6MTc1NzY5NDMwNCwiZmlkIjoiZnduU3lOWTdRcE9pOFpqRjJoX3hIXyIsInByb2plY3ROdW1iZXIiOjM2NzI2OTAwODk4Nn0.AB2LPV8wRQIgMzGJ7Gj2yu4ONmRffclY8G4zMFFlR0rR03QmcEdt0a4CIQCUF1AJYvgdlR4gDWmDfFdwM4wRhGAP40NNrAbpPKAsVg","TokenCreationEpochInSecs":1757089503,"ExpiresInSecs":604800}