{"Fid":"eZepUoYyQnGAYXVss9VFab","Status":3,"RefreshToken":"3_AS3qfwI72b3Osw6BhArziUtJOwtHg-7-2OdFTaIwPRJXgtP2W85oCmmhs_gwR1cvi6Qz-57LpIq0jEHltOfP1wIH0pQDsOrno1jvkqqDPWgB-HY","AuthToken":"eyJhbGciOiJFUzI1NiIsInR5cCI6IkpXVCJ9.eyJhcHBJZCI6IjE6MzY3MjY5MDA4OTg2OmFuZHJvaWQ6NzliMWNhNTQ5NTQxMTEyNCIsImV4cCI6MTc2MTQ5OTgwNywiZmlkIjoiZVplcFVvWXlRbkdBWVhWc3M5VkZhYiIsInByb2plY3ROdW1iZXIiOjM2NzI2OTAwODk4Nn0.AB2LPV8wRQIhAPlrUXIC3XgRzPW8HkKMFQLIBeNXNrOSz_O7zX4ENPwGAiApT6LUOlTdcfKlWqm2mzY6bx9m1OBq8-OSDA8vw4ZETQ","TokenCreationEpochInSecs":1760895006,"ExpiresInSecs":604800}