{"Fid":"eaRCJXSQDUVY1I9ttdeNKC","Status":3,"AuthToken":"eyJhbGciOiJFUzI1NiIsInR5cCI6IkpXVCJ9.eyJhcHBJZCI6IjE6ODAwNzk1OTE2OTk5OmFuZHJvaWQ6ZGViOWMyNzUzYzU5MGRjNCIsImV4cCI6MTc2MDU1ODI3OSwiZmlkIjoiZWFSQ0pYU1FEVVZZMUk5dHRkZU5LQyIsInByb2plY3ROdW1iZXIiOjgwMDc5NTkxNjk5OX0.AB2LPV8wRgIhAPAmE1b4t1_55GJJstOs479sH_GaFHt6l3hANr3ee5u_AiEAolgBDMLrk1EIa2lG1hJGbzY2LjjJTN7pLjvwRhPF3KQ","RefreshToken":"3_AS3qfwLkkEthB9wa1sbg9AYaV3fS-klMqLW5380mbF-OtFXLSv0IhJrN4BpFrU6qvXz8xdZvr2R4TfckGL-KziFXA8H2oLXR1iOgEFegrbwjyQk","TokenCreationEpochInSecs":1759953478,"ExpiresInSecs":604800}