{"Fid":"fVSUmHuTSD-Oqi-jZnAMS8","Status":3,"AuthToken":"eyJhbGciOiJFUzI1NiIsInR5cCI6IkpXVCJ9.eyJhcHBJZCI6IjE6NjU2MDU1OTI0NTM3OmFuZHJvaWQ6Y2VmZTkyOGMxODlhYjcxYzVkOWFlOCIsImV4cCI6MTc2MDI4MTg0NiwiZmlkIjoiZlZTVW1IdVRTRC1PcWktalpuQU1TOCIsInByb2plY3ROdW1iZXIiOjY1NjA1NTkyNDUzN30.AB2LPV8wRAIgYwg576lZcrkJuyi2N_sQwpaYx03SnFh3yUrTXQirx0ECIHac9OG50-rzhhuBxbzdLkdjE0zmz1u6N2D0F-gRyUnz","RefreshToken":"3_AS3qfwIR1R0Kv6HubmRe0SvzK4tcnjT9M_zvtRh7IBn5CIm3UzEpp62Z1wNEBxEcGBF9N1DLeQXnjaTxlG1wDFiMkycwYwSXU2FbOD9ovymV-Ds","TokenCreationEpochInSecs":1759677045,"ExpiresInSecs":604800}