{"Fid":"e3DEIXRETIuuPm3eeeEcNK","Status":3,"AuthToken":"eyJhbGciOiJFUzI1NiIsInR5cCI6IkpXVCJ9.eyJhcHBJZCI6IjE6NjU2MDU1OTI0NTM3OmFuZHJvaWQ6Y2VmZTkyOGMxODlhYjcxYzVkOWFlOCIsImV4cCI6MTc2MDI4NzYzMywiZmlkIjoiZTNERUlYUkVUSXV1UG0zZWVlRWNOSyIsInByb2plY3ROdW1iZXIiOjY1NjA1NTkyNDUzN30.AB2LPV8wRQIhAKYoJTorJgyZb4Q3dgu3ov53FYEMu7af13gTMgDTemKbAiBX45HIYgN4EYEkWxrjUoaLRnhlXPh8pwAvwrcfOSq8Iw","RefreshToken":"3_AS3qfwIvdvmiEQmMZyQ2yl2qXGwWbgzCeNCAMoJJAROJ6OIarisWtiRS_gmmOlbMn4uu0XAizqKRfr78DphFHhZk3uqkxwi2J9kaxdlNptALE2A","TokenCreationEpochInSecs":1759682832,"ExpiresInSecs":604800}