{"Fid":"dvw5WaqoSImEL2BJa1wzcb","Status":3,"RefreshToken":"3_AS3qfwKpBEh5lq5Sxs_h-aMOdenuLWAhSewrSXWGLz464iLa8n0uZRgDiXf8mtv1CE2GdWmXkb2DY_I5OGnmEzoBnZFXIxmxEhKz9AkYvlpMfPQ","AuthToken":"eyJhbGciOiJFUzI1NiIsInR5cCI6IkpXVCJ9.eyJhcHBJZCI6IjE6MzY3MjY5MDA4OTg2OmFuZHJvaWQ6NzliMWNhNTQ5NTQxMTEyNCIsImV4cCI6MTc1NzA5ODcxNCwiZmlkIjoiZHZ3NVdhcW9TSW1FTDJCSmExd3pjYiIsInByb2plY3ROdW1iZXIiOjM2NzI2OTAwODk4Nn0.AB2LPV8wRAIgLck6BTpeFq6jTpHmmrAjypq9owgJZBywE02_1zT99kgCIDQT8BhY9URSznO6JUBiGVrTejRYT1qu6G-ba63ylXH5","TokenCreationEpochInSecs":1756493913,"ExpiresInSecs":604800}