{"Fid":"f6FoczRAT1WiIaWQvucCJH","Status":3,"AuthToken":"eyJhbGciOiJFUzI1NiIsInR5cCI6IkpXVCJ9.eyJhcHBJZCI6IjE6ODAwNzk1OTE2OTk5OmFuZHJvaWQ6ZGViOWMyNzUzYzU5MGRjNCIsImV4cCI6MTc1OTgyMDk0MSwiZmlkIjoiZjZGb2N6UkFUMVdpSWFXUXZ1Y0NKSCIsInByb2plY3ROdW1iZXIiOjgwMDc5NTkxNjk5OX0.AB2LPV8wRAIgc4tb7BYU9QCfkli7PdpmwtN5cenF0k6LbDCXDbWB1skCIHzkpt18P3x6aKBdnuFlQznVOkAS6EohtiZ2L7N0w3PL","RefreshToken":"3_AS3qfwJEZOs0JntKO08YD3N1d9z6HQCNFIr4v_WkOvGujPlwh23vswwYKOvyrmREjvRQwW6tDKRVKVDsyLzw7cOyQ131AbGnQItdSc8w-JJVDA","TokenCreationEpochInSecs":1759216140,"ExpiresInSecs":604800}