{"Fid":"eOpzdtxbS12o7CW6uAsKWF","Status":3,"AuthToken":"eyJhbGciOiJFUzI1NiIsInR5cCI6IkpXVCJ9.eyJhcHBJZCI6IjE6ODUwMjIwMDM3MDgxOmFuZHJvaWQ6MmE1OGNhMjhkNmEzZDM0YiIsImV4cCI6MTc1Nzc0Njg0OCwiZmlkIjoiZU9wemR0eGJTMTJvN0NXNnVBc0tXRiIsInByb2plY3ROdW1iZXIiOjg1MDIyMDAzNzA4MX0.AB2LPV8wRgIhAOoKVQidqOPMHWNKi9R0duv48lk0hGi2wcYPeizoscYtAiEA7RiE_q1HBMVM7ypXgtdk_V5AxiXzqknrvP8VYSadZlQ","RefreshToken":"3_AS3qfwIynezXqX_nYVe7_NkVnt1V0KlAlj_RAvn-30VUNo4Nqz5yCCaiESXdTW8pl_-qfJ8C5EavP9XjNtRs_SWj4aORzO0ifaNom030b1quOz4","TokenCreationEpochInSecs":1757142047,"ExpiresInSecs":604800}