{"url":"https:\/\/webview.unityads.unity3d.com\/webview_test\/4.0.0\/3900efe2606cc991e34b99947b8c27b8a997730f\/release\/index.html","hash":"94d4dbb4d3509b423438c7f8539633f3b6465bd4d4f57e242bda5e50e62e8de3","version":"3900efe2606cc991e34b99947b8c27b8a997730f","dwu":false,"sdkv":"4.0.0","murl":"https:\/\/gateway.unityads.unity3d.com\/legacy\/diagnostics\/v2\/metrics","msr":5,"omn":"Unity3d","omv":"1.3.0","sto":30000,"lto":60000,"src":"srvc","expo":{"gjl":{"value":"true"},"lto":{"value":"60000"},"osg":{"applied":"current","value":true},"sendShowConsentEvent":{"value":"true"},"sto":{"value":"30000"},"tsi":{"value":"true"},"tsi_nt":{"value":"true"},"tsi_p":{"value":"true"},"tsi_prw":{"value":"true"},"tsi_upii":{"value":"false"},"wgr":{"value":"true"}}}