{"Fid":"dCTgnDziTrqdrzZVnYlg5_","Status":3,"AuthToken":"eyJhbGciOiJFUzI1NiIsInR5cCI6IkpXVCJ9.eyJhcHBJZCI6IjE6NjU2MDU1OTI0NTM3OmFuZHJvaWQ6Y2VmZTkyOGMxODlhYjcxYzVkOWFlOCIsImV4cCI6MTc2MjA2MDUxNCwiZmlkIjoiZENUZ25EemlUcnFkcnpaVm5ZbGc1XyIsInByb2plY3ROdW1iZXIiOjY1NjA1NTkyNDUzN30.AB2LPV8wRAIgTyCS3yzPKIiCgxbOTEwT_0IRvdvIudjOY06U3ECvxMICIG7ZuLytk55qitQs_NERmLmtedidYUF6cs8ZXb8ePLX9","RefreshToken":"3_AS3qfwIhWSC4otcYX6ppPncjwBOjNxc0LQxnkZJMxhrOqj1RfQARKtfAGgWEL9YOTeQFIKu5T0VYcnEnJmtJulHsPQD6OTbJEsEW2dv1KijABDM","TokenCreationEpochInSecs":1761455714,"ExpiresInSecs":604800}