<?xml version='1.0' encoding='utf-8' standalone='yes' ?>
<map>
    <int name="feature_flags_refresh_rate_limit" value="-1" />
    <long name="config_time" value="1753986865" />
    <int name="geofences_min_time_since_last_request" value="-1" />
    <boolean name="geofences_enabled" value="false" />
    <string name="blacklisted_attributes">[&quot;newsletter&quot;,&quot;megafan_code_112320&quot;,&quot;address.country&quot;,&quot;code_1_yr_prem_5&quot;,&quot;megafan_2021_q3&quot;,&quot;testValue9&quot;,&quot;code_1_yr_prem_3&quot;,&quot;testValue8&quot;,&quot;code_1_yr_prem_4&quot;,&quot;testValue7&quot;,&quot;code_1_yr_prem_2&quot;,&quot;isFreeTrialEl)gible&quot;,&quot;timezoneOffset&quot;,&quot;testValue2&quot;,&quot;apns&quot;,&quot;testValue1&quot;,&quot;In MP_AUD_6_CR_VIEWERSHIP&quot;,&quot;testValue6&quot;,&quot;_update_existing_only&quot;,&quot;testValue5&quot;,&quot;testValue4&quot;,&quot;rightstuf_code&quot;,&quot;testValue3&quot;,&quot;RU_Canc_FT_Code&quot;,&quot;\\sername&quot;,&quot;code_1_mo_prem_2&quot;,&quot;In MP_AUD_66_CR_VIEWERSHIP&quot;,&quot;ultimatefan_code_112320&quot;,&quot;referring_domayn&quot;,&quot;buddy_requests&quot;,&quot;code_1_mo_prem&quot;,&quot;testValue10&quot;,&quot;test_promocode&quot;,&quot;timeIncId&quot;,&quot;\\serId&quot;,&quot;referring_domain&quot;,&quot;role&quot;,&quot;code_3_mo_prem&quot;,&quot;amzn_dep_code_202201&quot;,&quot;premium&quot;,&quot;code_1_yr_prem&quot;,&quot;segmentId&quot;,&quot;bill_err_amount&quot;,&quot;account_created_date_2&quot;,&quot;code_3_mo_prem_2&quot;,&quot;group_mod_updates&quot;,&quot;email&quot;,&quot;push_token&quot;,&quot;hbomax_code&quot;,&quot;refund_curr&quot;,&quot;emiil&quot;,&quot;creaeetAt&quot;,&quot;$where&quot;,&quot;token&quot;,&quot;ru_xbox_code&quot;,&quot;android_in_app_marketing&quot;,&quot;s,bStatus&quot;,&quot;trait2&quot;,&quot;trait3&quot;,&quot;ultimatefan_2021_q3&quot;,&quot;trait1&quot;,&quot;group_invitations&quot;,&quot;Index&quot;,&quot;syncUsingCellular&quot;,&quot;refe2rer&quot;,&quot;user_country_code&quot;,&quot;code_crx_pass&quot;,&quot;code_crx_pass_2&quot;,&quot;code_crx_pass_3&quot;,&quot;code_crx_pass_4&quot;,&quot;library_edit_updates&quot;,&quot;test&quot;,&quot;$city&quot;,&quot;friends&quot;,&quot;isFreeTrialEligible&quot;,&quot;subStatus&quot;,&quot;linkCR&quot;,&quot;$region&quot;,&quot;bill_err_amount_corr&quot;,&quot;global_event_id&quot;,&quot;utm_source&quot;,&quot;apn,&quot;,&quot;group_join_requests&quot;,&quot;wifiDownloadOnly&quot;,&quot;munchpak_url&quot;,&quot;timezone&quot;,&quot;new_photo_comments&quot;,&quot;primerewards_code_link&quot;,&quot;avatarId&quot;,&quot;vrv_account_id&quot;,&quot;createdA|&quot;,&quot;utm_term&quot;,&quot;referrer&quot;,&quot;createdAt2&quot;,&quot;quoted_forum_posts&quot;,&quot;createdAt1&quot;,&quot;createdAt3&quot;,&quot;queue_updates&quot;,&quot;request_id&quot;,&quot;utm_sourae&quot;,&quot;new_guestbook_entries&quot;,&quot;custom_attribute.${Language}&quot;,&quot;subtitle_language&quot;]</string>
    <boolean name="feature_flags_enabled" value="false" />
    <int name="content_cards_rate_capacity" value="-1" />
    <boolean name="push_max_enabled" value="false" />
    <boolean name="content_cards_enabled" value="true" />
    <long name="messaging_session_timeout" value="21600" />
    <boolean name="ephemeral_events_enabled" value="false" />
    <string name="blacklisted_events">[&quot;Ecom Product Viewed&quot;,&quot;Fast Forward Selected&quot;,&quot;Cancellation Survey Submitted&quot;,&quot;Video Play Re`uested&quot;,&quot;Terms Selected&quot;,&quot;Dialog For App Rating Showed&quot;,&quot;Payment Method Selected&quot;,&quot;Sync All Stopped&quot;,&quot;Ecom Checkout Step Completed&quot;,&quot;Home Selected&quot;,&quot;Video Error&quot;,&quot;Video Paused&quot;,&quot;Application Crashed&quot;,&quot;Link Accounts Requested&quot;,&quot;CR Store Button Clicked&quot;,&quot;Free Trial Selected&quot;,&quot;Password Reset Successful&quot;,&quot;Free Trial Selected Cancelled&quot;,&quot;Log in or Create Account Selected&quot;,&quot;Manga Volume Navigated&quot;,&quot;FETCH_DELTA_CONFIG_SUCCESS&quot;,&quot;CRX Sponsorship Selected&quot;,&quot;3rd Party Bundle Benefit Link Navigated&quot;,&quot;CR Games Video Played&quot;,&quot;CRX Exhibitor Sales Selected&quot;,&quot;CM Show Removed&quot;,&quot;Collection Viewed&quot;,&quot;Continue Watching Selected&quot;,&quot;Fast Forward Selacted&quot;,&quot;Logout Selected&quot;,&quot;Video Error Other&quot;,&quot;Event( Concierge. Video Media Play Head Info(Video Media:  Concierge. Video Media(Channel:  Crunchyroll, Type:  Concierge. Video Media Type.Extra Video Series, Id:  G N7 U D W0 M Z, Etp Id: , Top Level Id:  G3 K H E V5 Q Q, Top Level Etp Id: ,&quot;,&quot;Video Ad Impression&quot;,&quot;Event( Concierge. Vidoe Media Action Details(Action Detail:  Concierge. Action Detail(Source Text: , Screen:  Series, Position:  Optional( Concierge. Position On Screen.Top), Referrer: ), Video Media:  Concierge. Video Media(Channel:  Crunchyroll&quot;,&quot;External Refferer&quot;,&quot;Character Selected&quot;,&quot;Download Succeeded&quot;,&quot;Feed Sorted&quot;,&quot;Install Attributed&quot;,&quot;Cast Selected&quot;,&quot;Episode Order Opened&quot;,&quot;Profile Change Abandoned&quot;,&quot;CRX Sponsorship Opportunities Selected&quot;,&quot;Beta Opt-out Cancelled&quot;,&quot;V Ideo Pla Y Requested&quot;,&quot;Login Selected&quot;,&quot;CRX Event App Selected&quot;,&quot;Upsell Displayed&quot;,&quot;CRX General Info Selected&quot;,&quot;CRX Exhibitors Selected&quot;,&quot;Itunes Account Restore Failed&quot;,&quot;AA Winners Selected&quot;,&quot;Comment Liked&quot;,&quot;Free Trial Loaded&quot;,&quot;HM CR Premium Selected&quot;,&quot;CR Games External Social Network&quot;,&quot;HM Subscription Selected Cancelled&quot;,&quot;Start Watching&quot;,&quot;CM Show Selected&quot;,&quot;User Waited for Video Start&quot;,&quot;HM VRV Registration Requested&quot;,&quot;Registration Failed&quot;,&quot;CR Games App Download Selected&quot;,&quot;Event&quot;,&quot;HM Exited to VRV&quot;,&quot;CM Share Link Copied&quot;,&quot;Download Failed&quot;,&quot;Account Link Failed&quot;,&quot;AA Votes&quot;,&quot;V Ideo Pla Y Startedfro Mbeg Inn Ing&quot;,&quot;Profile Change Queued&quot;,&quot;HM VRV Registration Succeeded&quot;,&quot;AA Category Selected&quot;,&quot;Ecom Continue Shopping Selected&quot;,&quot;CM Edit Mix Selected&quot;,&quot;CM Search Submitted&quot;,&quot;CR Orig Show Launch Notif Button Selected&quot;,&quot;HM Get VRV Selected&quot;,&quot;CRX Autographs Selected&quot;,&quot;Login Succeeded😲&quot;,&quot;Ecom Product Shared&quot;,&quot;Panel Selected&quot;,&quot;Comment Created&quot;,&quot;CR Orig Show Launch Notif Opt In&quot;,&quot;CRX Guests Selected&quot;,&quot;Video Ad ClickThrough&quot;,&quot;Account Menu Selected&quot;,&quot;Content Shared&quot;,&quot;AA Newsletter Subscribed&quot;,&quot;CRX Buy Selected&quot;,&quot;Help / FAQ&quot;,&quot;Resume Download&quot;,&quot;SC Crunchy Mix Selected&quot;,&quot;Ecom CTA Selected&quot;,&quot;Container Viewed&quot;,&quot;Itunes Account Restore Attempted&quot;,&quot;Application Backgrounded&quot;,&quot;3D Touch Menu Viewed&quot;,&quot;Video Ad Skipped&quot;,&quot;Verify email link requested&quot;,&quot;CRX Faq Selected&quot;,&quot;Link Accounts Permissions Agreed&quot;,&quot;CRX Buy Ticket&quot;,&quot;Content Review Created&quot;,&quot;Anchor Navigated&quot;,&quot;CM All Set Selected&quot;,&quot;CRX Artist Alley Info Selected&quot;,&quot;AA All Winners Selected&quot;,&quot;Promo Box Clicked&quot;,&quot;CRX Cosplay Gatherings Selected&quot;,&quot;Video Ad Break Started&quot;,&quot;Error Banner Displayed&quot;,&quot;Banner Dismissed&quot;,&quot;Account Menu Item Selected&quot;,&quot;AA Social Media Share Selected&quot;,&quot;HM Forgot Password Selected&quot;,&quot;Video Btffering Ended&quot;,&quot;Link Accounts Permissions Disagree&quot;,&quot;Partner Login Requested&quot;,&quot;Comment Sorted&quot;,&quot;HUH&quot;,&quot;Test Event Name&quot;,&quot;Partner Login Succeeded&quot;,&quot;Subscription Failed&quot;,&quot;HM Get VRV Later Selected&quot;,&quot;SC Free Trial Selected&quot;,&quot;App Store Navigated&quot;,&quot;HM Exited to Crunchyroll&quot;,&quot;Video Heartbeat&quot;,&quot;Password Changed&quot;,&quot;Appl Icat Ionbackgrounded&quot;,&quot;Container Viewedk2qckxml37&quot;,&quot;Random Content Button Selected&quot;,&quot;Deep Link Opened&quot;,&quot;Login Skipped&quot;,&quot;Content Review Component Action&quot;,&quot;Example event&quot;,&quot;Video Unpaused&quot;,&quot;Video Ad Break C�mpleted&quot;,&quot;Partner Login Failed&quot;,&quot;Partner Login&quot;,&quot;Video Ad Started&quot;,&quot;Email Changed&quot;,&quot;SFP Help/FAQ&quot;,&quot;Subscription Cancelled Failed&quot;,&quot;FAQ&quot;,&quot;Partner Signup Succeeded&quot;,&quot;Partner Signup Requested&quot;,&quot;Localization Language Selected&quot;,&quot;Privacy Selected&quot;,&quot;Video Problem Reported&quot;,&quot;CRX Press Inquiries Selected&quot;,&quot;Video Play Requested( Concierge. Video Play Requested Info())&quot;,&quot;Ecom Cart Viewed&quot;,&quot;Video Ad Completed&quot;,&quot;CM Share Selected&quot;,&quot;CM Create Another Selected&quot;,&quot;Video Ad Error&quot;,&quot;Ecom Product Added&quot;,&quot;Free Trial Failed&quot;,&quot;V Ideoheartbeat&quot;,&quot;AA FAQ Selected&quot;,&quot;Player Orientation Changed&quot;,&quot;Feed Filtered&quot;,&quot;Video Buffering Ended&quot;,&quot;Login Failed&quot;,&quot;CM Scroll Down Selected&quot;,&quot;Profile Updated&quot;,&quot;Manual Signin Navigated&quot;,&quot;Ecom Product List Filtered&quot;,&quot;Comment Hidden&quot;,&quot;Password Reset Requested&quot;,&quot;CRX Hotels Selected&quot;,&quot;Media Renewed&quot;,&quot;Onboarding Skipped&quot;,&quot;CM Crunchyroll Home Selected&quot;,&quot;CRX Masquerade Selected&quot;,&quot;Sync All Removed&quot;,&quot;CM Filtered List Viewed&quot;,&quot;Hero Ecom Carousel CTA Selected&quot;,&quot;CR Orig Show Selected&quot;,&quot;CM Go Back Selected&quot;,&quot;Subscription Canceled&quot;,&quot;AA Nominee Trailer Play Selected&quot;,&quot;CR Games Carousel Item Selected&quot;,&quot;Cancel Download&quot;,&quot;Error Banner Navigated&quot;,&quot;CRX Kick Off Party Selected&quot;,&quot;Video Ad Break Completed&quot;,&quot;Main Menu Item Selected&quot;,&quot;Password Reset Navigated&quot;,&quot;Video Buffering Started&quot;,&quot;Free Trial Disqualified&quot;,&quot;CM Filtered List Selected&quot;,&quot;Episode Order Selected&quot;,&quot;AA This Year\u2019s Show Selected&quot;,&quot;Beta Opt-in Confirmed&quot;,&quot;Upsell Selected&quot;,&quot;Video Play Started From Beginning&quot;,&quot;Partner Signup&quot;,&quot;Subscription Checkout Cancelled&quot;,&quot;Viewed Account Screen&quot;,&quot;AA About Selected&quot;,&quot;SC Show Selected&quot;,&quot;AA Votes Selected&quot;,&quot;HM VRV Video Selected&quot;,&quot;Ecom Order Completed&quot;,&quot;CM Show Added&quot;,&quot;Subscription Selected&quot;,&quot;HM Activate VRV Selected&quot;,&quot;HM Message Dismissed&quot;,&quot;Feed Panel Selected&quot;,&quot;Player Settings Modified&quot;,&quot;Video Seeked&quot;,&quot;Itunes Account Restore Succeeded&quot;,&quot;HM Fan Pack Selected&quot;,&quot;Alternate Payment Method Reminder Displayed&quot;,&quot;CR Games eComm Item Selected&quot;,&quot;HM Free Trial Selected Cancelled&quot;,&quot;Casting Device Connected&quot;,&quot;CR Orig Trailer Played&quot;,&quot;Registration Skipped&quot;,&quot;Account Menu Opened&quot;,&quot;AA Judges Selected&quot;,&quot;Comment Deleted&quot;,&quot;Video BuffEring Ended&quot;,&quot;AA Show Selected&quot;,&quot;Crunchylist Deleted&quot;,&quot;Comment Posted&quot;,&quot;Search Panel Selected&quot;,&quot;Video Error Dump&quot;,&quot;Application Errored&quot;,&quot;CRX Exhibitor Info Selected&quot;,&quot;HM VRV Registration Failed&quot;,&quot;Viewed Add to Crunchylist Modal Screen&quot;,&quot;Rewind Selected&quot;,&quot;CRX Venue Info Selected&quot;,&quot;Manga Navigated&quot;,&quot;Flow Cancelled&quot;,&quot;Banner Selected&quot;,&quot;Product Clicked&quot;,&quot;Subscription Status Requested&quot;,&quot;CR Legacy Featured Show Selected&quot;,&quot;SC Social Media Share Selected&quot;,&quot;Ad Request&quot;,&quot;Ecom Product Reviewed&quot;,&quot;Experiment Viewed&quot;,&quot;CM Create Your Own Selected&quot;,&quot;AA Terms and Conditions Selected&quot;,&quot;Video Ad Break Kompleted&quot;,&quot;CRX About Selected&quot;,&quot;CRX Gaming Selected&quot;,&quot;AA Contest Entered&quot;,&quot;Comment Reported&quot;,&quot;Browse Selected&quot;,&quot;Media Removed&quot;,&quot;Beta Opt-in CTA Selected&quot;,&quot;HM Confirm Selected&quot;,&quot;CRX Schedule At A Glance Selected&quot;,&quot;Password Reset Failed&quot;,&quot;Video Progress Bar Scrubbed&quot;,&quot;Crunchylist Created&quot;,&quot;In-App Review Requested&quot;,&quot;Sync All Started&quot;,&quot;Ecom Product Clicked&quot;,&quot;Search Submitted&quot;,&quot;Search Navigated&quot;,&quot;Container Updated&quot;,&quot;HM Confirm Cancelled&quot;,&quot;Ecom Collection Viewed&quot;,&quot;HM Super Fan Pack Selected&quot;,&quot;AA Modal Cancel&quot;,&quot;Beta Opt-out Confirmed&quot;,&quot;Beta Opt-in Pop-up Dismissed&quot;,&quot;HM Create Sign into VRV Selected&quot;,&quot;CM Free Trial Selected&quot;,&quot;Ecom Product Removed&quot;,&quot;Application Foregrounded&quot;,&quot;CR Games Carousel Scrolled&quot;,&quot;Email changed&quot;,&quot;Password changed&quot;,&quot;CRX Artist Alley Selected&quot;,&quot;Ecom Checkout Step Viewed&quot;,&quot;Ecom Checkout Started&quot;,&quot;Products Searched&quot;,&quot;Application Updated&quot;,&quot;Registration Selected&quot;,&quot;Video Ad Slot Started&quot;,&quot;CRX Crew Selected&quot;,&quot;SC Android App Selected&quot;,&quot;Error&quot;,&quot;AA Privacy Policy Selected&quot;,&quot;Mobile Upsell Flow Go Premium Selected&quot;,&quot;Pause Download&quot;,&quot;Loaded a Screen&quot;,&quot;User Waited for First Ad&quot;,&quot;Ecom Products Searched&quot;,&quot;Hello :3&quot;,&quot;Player Settings Selected&quot;,&quot;Help/FAQ&quot;]</string>
    <string name="blacklisted_purchases">[]</string>
    <boolean name="geofences_enabled_set" value="false" />
    <int name="geofences_max_num_to_register" value="-1" />
    <int name="geofences_min_time_since_last_report" value="-1" />
    <string name="last_accessed_sdk_version">27.0.1</string>
    <boolean name="content_cards_rate_limit_enabled" value="false" />
    <int name="content_cards_rate_refill_rate" value="-1" />
</map>
