<?xml version='1.0' encoding='utf-8' standalone='yes' ?>
<map>
    <long name="fire-count" value="1" />
    <string name="last-used-date">2025-08-25</string>
    <long name="fire-global" value="1756150053866" />
    <set name="android-min-sdk/26 fire-analytics/21.3.0 fire-cls/18.6.4 device-brand/Redmi fire-sessions/1.2.4 fire-cls-ndk/18.6.4 device-name/dandelion_in fire-core-ktx/20.4.2 fire-android/29 fire-core/20.4.2 fire-iid/20.1.6 android-installer/com.google.android.packageinstaller fire-installations/17.2.0 android-platform/ kotlin/1.9.22 fire-transport/18.1.8 android-target-sdk/27 device-model/dandelion fire-fcm/20.1.6">
        <string>2025-08-25</string>
    </set>
</map>
