{"Fid":"e77AYJ3VS3CE39fFyksIuI","Status":3,"RefreshToken":"3_AS3qfwJ-G17dPWLEDGeHzJhcY_LdpUV_wKXsTQoygQHvwGu4-myjqID2T3Ad4PEitA18K8K8E7beowFOmtfj2e9URt6YoydOrX_64r5_3_cZZkg","AuthToken":"eyJhbGciOiJFUzI1NiIsInR5cCI6IkpXVCJ9.eyJhcHBJZCI6IjE6MzY3MjY5MDA4OTg2OmFuZHJvaWQ6NzliMWNhNTQ5NTQxMTEyNCIsImV4cCI6MTc1NjQ4ODA1OSwiZmlkIjoiZTc3QVlKM1ZTM0NFMzlmRnlrc0l1SSIsInByb2plY3ROdW1iZXIiOjM2NzI2OTAwODk4Nn0.AB2LPV8wRgIhAJEEVz0MpHXlxRj-fwQwMT5V35ZiImjtHGXIMNzMwMHrAiEA4AI7AWM0eHo4GQM3mCWVeHXtuUqerY7veZ6MzFJyzFg","TokenCreationEpochInSecs":1755883260,"ExpiresInSecs":604800}