{"@class":"com.amazon.pvtelemetryclientsdkjava.storage.EventBatch","events":["java.util.ArrayList",[{"@class":"com.amazon.pvtelemetryclientsdkjava.types.rover.lifecycle.RoverLifecycleEvent","entity":{"@class":"com.amazon.pvtelemetryclientsdkjava.types.rover.lifecycle.ApplicationLifecycleEntity","transition":{"@class":"com.amazon.pvtelemetryclientsdkjava.types.rover.lifecycle.LoadTransition","state":"Loading","_type":"Load"},"_type":"Application"},"reltime":9375883,"timestamp":9718959,"schema":"Rover","toJSON":{"@class":"java.util.HashMap","_schema":"Rover","sequence":0,"_type":"Lifecycle","body":{"@class":"java.util.HashMap","entity":{"@class":"java.util.LinkedHashMap","transition":{"@class":"java.util.LinkedHashMap","state":"Loading","_type":"Load"},"_type":"Application"}},"reltime":["java.lang.Long",9375883],"timestamp":["java.lang.Long",9718959]}},{"@class":"com.amazon.pvtelemetryclientsdkjava.types.rover.lifecycle.RoverLifecycleEvent","entity":{"@class":"com.amazon.pvtelemetryclientsdkjava.types.rover.lifecycle.ApplicationLifecycleEntity","transition":{"@class":"com.amazon.pvtelemetryclientsdkjava.types.rover.lifecycle.LoadTransition","state":"Loaded","_type":"Load"},"_type":"Application"},"reltime":9375884,"timestamp":1759293988206,"schema":"Rover","toJSON":{"@class":"java.util.HashMap","_schema":"Rover","sequence":0,"_type":"Lifecycle","body":{"@class":"java.util.HashMap","entity":{"@class":"java.util.LinkedHashMap","transition":{"@class":"java.util.LinkedHashMap","state":"Loaded","_type":"Load"},"_type":"Application"}},"reltime":["java.lang.Long",9375884],"timestamp":["java.lang.Long",1759293988206]}}]],"timestamp":1759293989333}