{"@class":"com.amazon.pvtelemetryclientsdkjava.storage.EventBatch","events":["java.util.ArrayList",[{"@class":"com.amazon.pvtelemetryclientsdkjava.types.rover.lifecycle.RoverLifecycleEvent","entity":{"@class":"com.amazon.pvtelemetryclientsdkjava.types.rover.lifecycle.ApplicationLifecycleEntity","transition":{"@class":"com.amazon.pvtelemetryclientsdkjava.types.rover.lifecycle.VisibilityTransition","state":"Foreground","_type":"Visibility"},"_type":"Application"},"reltime":34425025,"timestamp":1759322956264,"schema":"Rover","toJSON":{"@class":"java.util.HashMap","_schema":"Rover","sequence":0,"_type":"Lifecycle","body":{"@class":"java.util.HashMap","entity":{"@class":"java.util.LinkedHashMap","transition":{"@class":"java.util.LinkedHashMap","state":"Foreground","_type":"Visibility"},"_type":"Application"}},"reltime":["java.lang.Long",34425025],"timestamp":["java.lang.Long",1759322956264]}}]],"timestamp":1759322956271}