{"@class":"com.amazon.pvtelemetryclientsdkjava.storage.EventBatch","events":["java.util.ArrayList",[{"@class":"com.amazon.pvtelemetryclientsdkjava.types.rover.lifecycle.RoverLifecycleEvent","entity":{"@class":"com.amazon.pvtelemetryclientsdkjava.types.rover.lifecycle.ApplicationLifecycleEntity","transition":{"@class":"com.amazon.pvtelemetryclientsdkjava.types.rover.lifecycle.VisibilityTransition","state":"Foreground","_type":"Visibility"},"_type":"Application"},"reltime":9623600,"timestamp":1759294235921,"schema":"Rover","toJSON":{"@class":"java.util.HashMap","_schema":"Rover","sequence":0,"_type":"Lifecycle","body":{"@class":"java.util.HashMap","entity":{"@class":"java.util.LinkedHashMap","transition":{"@class":"java.util.LinkedHashMap","state":"Foreground","_type":"Visibility"},"_type":"Application"}},"reltime":["java.lang.Long",9623600],"timestamp":["java.lang.Long",1759294235921]}},{"@class":"com.amazon.pvtelemetryclientsdkjava.types.rover.lifecycle.RoverLifecycleEvent","entity":{"@class":"com.amazon.pvtelemetryclientsdkjava.types.rover.lifecycle.ApplicationLifecycleEntity","transition":{"@class":"com.amazon.pvtelemetryclientsdkjava.types.rover.lifecycle.LoadTransition","state":"Loading","_type":"Load"},"_type":"Application"},"reltime":9623739,"timestamp":9971617,"schema":"Rover","toJSON":{"@class":"java.util.HashMap","_schema":"Rover","sequence":0,"_type":"Lifecycle","body":{"@class":"java.util.HashMap","entity":{"@class":"java.util.LinkedHashMap","transition":{"@class":"java.util.LinkedHashMap","state":"Loading","_type":"Load"},"_type":"Application"}},"reltime":["java.lang.Long",9623739],"timestamp":["java.lang.Long",9971617]}},{"@class":"com.amazon.pvtelemetryclientsdkjava.types.rover.lifecycle.RoverLifecycleEvent","entity":{"@class":"com.amazon.pvtelemetryclientsdkjava.types.rover.lifecycle.ApplicationLifecycleEntity","transition":{"@class":"com.amazon.pvtelemetryclientsdkjava.types.rover.lifecycle.LoadTransition","state":"Loaded","_type":"Load"},"_type":"Application"},"reltime":9623741,"timestamp":1759294236063,"schema":"Rover","toJSON":{"@class":"java.util.HashMap","_schema":"Rover","sequence":0,"_type":"Lifecycle","body":{"@class":"java.util.HashMap","entity":{"@class":"java.util.LinkedHashMap","transition":{"@class":"java.util.LinkedHashMap","state":"Loaded","_type":"Load"},"_type":"Application"}},"reltime":["java.lang.Long",9623741],"timestamp":["java.lang.Long",1759294236063]}}]],"timestamp":1759294238620}