[{"timestamp":"2025-10-25T19:22:05.055Z","message":"[Diagnostic] Now in checking_speed state. Setting up interval.","data":{"logger":"console","arguments":["[Diagnostic] Now in checking_speed state. Setting up interval."]},"category":"console","level":"debug"},{"timestamp":"2025-10-25T19:22:05.093Z","type":"http","data":{"status_code":200.0,"method":"GET","url":"https://api2.ottplay.com/api/v4.7/mobile/ranking/?module_name=Subscription&platform=android&limit=5&section=widget_india_tour_of_australia_2025&pin_it=true&title=India Tour of Australia 2025&template_name=sports_highlights&page=1&lang_pref=false&language=false&language_id=null&genre=false&genre_id=undefined&provider=false&provider_id=null&randomId=8616"},"category":"xhr","level":"info"},{"timestamp":"2025-10-25T19:22:05.201Z","type":"http","data":{"status_code":200.0,"method":"GET","url":"https://api2.ottplay.com/api/v4.7/mobile/ranking/?module_name=Subscription&platform=android&limit=5&section=widget_trending_sports_&pin_it=true&title=Live Matches&template_name=sports_highlights&page=1&lang_pref=false&language=false&language_id=null&genre=false&genre_id=undefined&provider=false&provider_id=null&randomId=55"},"category":"xhr","level":"info"},{"timestamp":"2025-10-25T19:22:05.298Z","type":"http","data":{"status_code":200.0,"method":"GET","url":"https://api2.ottplay.com/api/v4.7/mobile/ranking/?module_name=Subscription&platform=android&limit=50&section=widget_mix_search_5&pin_it=true&title=Mix Search&template_name=subscription_banner&page=1&lang_pref=false&language=false&language_id=null&genre=false&genre_id=undefined&provider=false&provider_id=null&randomId=8236"},"category":"xhr","level":"info"},{"timestamp":"2025-10-25T19:22:05.326Z","type":"http","data":{"status_code":200.0,"method":"GET","url":"https://api2.ottplay.com/api/v4.7/mobile/ranking/?module_name=Subscription&platform=android&limit=5&section=widget_new_release_27&pin_it=true&title=New Releases&template_name=new_release&page=1&lang_pref=false&language=false&language_id=null&genre=false&genre_id=undefined&provider=false&provider_id=null&randomId=2093"},"category":"xhr","level":"info"},{"timestamp":"2025-10-25T19:22:05.379Z","type":"http","data":{"status_code":200.0,"method":"GET","url":"https://api2.ottplay.com/api/v3/mobile/user/data/85c6b4ff35b2aa2a"},"category":"xhr","level":"info"},{"timestamp":"2025-10-25T19:22:05.533Z","type":"http","data":{"status_code":201.0,"method":"POST","url":"https://api2.ottplay.com/api/v3/mobile/analytics/"},"category":"xhr","level":"info"},{"timestamp":"2025-10-25T19:22:05.628Z","type":"http","data":{"status_code":201.0,"method":"POST","url":"https://api2.ottplay.com/api/v3/mobile/analytics/"},"category":"xhr","level":"info"},{"timestamp":"2025-10-25T19:22:06.320Z","message":"Navigation to Settings","type":"navigation","data":{"from":"MainStack","to":"Settings"},"category":"navigation","level":"info"},{"timestamp":"2025-10-25T19:22:06.423Z","type":"http","data":{"status_code":200.0,"method":"GET","url":"https://ottwatch-webapp.s3.ap-south-1.amazonaws.com/prod/prod_constants.json"},"category":"xhr","level":"info"},{"timestamp":"2025-10-25T19:22:06.717Z","type":"http","data":{"status_code":201.0,"method":"POST","url":"https://api2.ottplay.com/api/v3/mobile/analytics/"},"category":"xhr","level":"info"},{"timestamp":"2025-10-25T19:22:07.219Z","message":"Navigation to SignInOrRegister","type":"navigation","data":{"from":"Settings","to":"SignInOrRegister"},"category":"navigation","level":"info"},{"timestamp":"2025-10-25T19:22:08.261Z","message":"[Diagnostic] - Firing speed check #1 of 1...","data":{"logger":"console","arguments":["[Diagnostic] - Firing speed check #1 of 1..."]},"category":"console","level":"debug"},{"timestamp":"2025-10-25T19:22:08.802Z","message":"[Diagnostic] - Promise for check #1 resolved. Total checks: 1","data":{"logger":"console","arguments":["[Diagnostic] - Promise for check #1 resolved. Total checks: 1"]},"category":"console","level":"debug"},{"timestamp":"2025-10-25T19:22:08.803Z","message":"[Diagnostic] - Total check limit met. Stopping interval and setting status to speed_fast.","data":{"logger":"console","arguments":["[Diagnostic] - Total check limit met. Stopping interval and setting status to speed_fast."]},"category":"console","level":"debug"},{"timestamp":"2025-10-25T19:22:08.807Z","message":"[Diagnostic] Step 4: Executing final confirmation check.","data":{"logger":"console","arguments":["[Diagnostic] Step 4: Executing final confirmation check."]},"category":"console","level":"debug"},{"timestamp":"2025-10-25T19:22:08.966Z","type":"http","data":{"status_code":200.0,"method":"POST","url":"https://api2.ottplay.com/api/user-service/v1/generate-otp"},"category":"xhr","level":"info"},{"timestamp":"2025-10-25T19:22:09.195Z","message":"Navigation to CreateAccount","type":"navigation","data":{"from":"SignInOrRegister","to":"CreateAccount"},"category":"navigation","level":"info"},{"timestamp":"2025-10-25T19:22:09.301Z","message":"[Diagnostic] Process finished with terminal status: success. Calling onComplete.","data":{"logger":"console","arguments":["[Diagnostic] Process finished with terminal status: success. Calling onComplete."]},"category":"console","level":"debug"},{"timestamp":"2025-10-25T19:22:23.393Z","type":"http","data":{"status_code":200.0,"method":"POST","url":"https://api2.ottplay.com/api/user-service/v1/verify-via-otp"},"category":"xhr","level":"info"},{"timestamp":"2025-10-25T19:22:23.593Z","message":"Net Info -  [object Object]","data":{"logger":"console","arguments":["Net Info - ",{"isConnected":null,"isInternetReachable":null,"details":null,"type":"unknown"}]},"category":"console","level":"debug"},{"timestamp":"2025-10-25T19:22:23.644Z","message":"Net Info -  [object Object]","data":{"logger":"console","arguments":["Net Info - ",{"isConnected":true,"isInternetReachable":true,"isWifiEnabled":true,"details":{"isConnectionExpensive":false,"subnet":"255.255.255.0","strength":83.0,"bssid":"02:00:00:00:00:00","ipAddress":"192.168.31.156","linkSpeed":432.0,"rxLinkSpeed":344.0,"txLinkSpeed":432.0,"frequency":5220.0},"type":"wifi"}]},"category":"console","level":"debug"},{"timestamp":"2025-10-25T19:22:23.645Z","message":"[Diagnostic] Process started. Moving to checking_initial.","data":{"logger":"console","arguments":["[Diagnostic] Process started. Moving to checking_initial."]},"category":"console","level":"debug"},{"timestamp":"2025-10-25T19:22:23.733Z","message":"[Diagnostic] Step 1: Executing initial connection check.","data":{"logger":"console","arguments":["[Diagnostic] Step 1: Executing initial connection check."]},"category":"console","level":"debug"},{"timestamp":"2025-10-25T19:22:23.900Z","type":"http","data":{"status_code":200.0,"method":"GET","url":"https://ottwatch-webapp.s3.ap-south-1.amazonaws.com/prod/prod_constants.json"},"category":"xhr","level":"info"},{"timestamp":"2025-10-25T19:22:23.955Z","type":"http","data":{"status_code":200.0,"method":"GET","url":"https://ottwatch-webapp.s3.ap-south-1.amazonaws.com/prod/prod_constants.json"},"category":"xhr","level":"info"},{"timestamp":"2025-10-25T19:22:24.034Z","type":"http","data":{"status_code":401.0,"method":"GET","url":"https://api2.ottplay.com/api/user-service/v1/user/app-rating/show-feedback-popup?randomId=1209"},"category":"xhr","level":"info"},{"timestamp":"2025-10-25T19:22:24.088Z","type":"http","data":{"status_code":200.0,"method":"GET","url":"https://api2.ottplay.com/api/user-service/v1/user/app-rating/reviewlist?randomId=98"},"category":"xhr","level":"info"},{"timestamp":"2025-10-25T19:22:24.114Z","type":"http","data":{"status_code":404.0,"method":"GET","url":"https://api2.ottplay.com/api/v4.7/mobile/liveTV/top-live-tv-channels?"},"category":"xhr","level":"info"},{"timestamp":"2025-10-25T19:22:24.134Z","type":"http","data":{"status_code":200.0,"method":"POST","url":"https://api2.ottplay.com/api/v3/mobile/user/v2/first-seen?randomId=555"},"category":"xhr","level":"info"},{"timestamp":"2025-10-25T19:22:24.138Z","type":"http","data":{"status_code":201.0,"method":"POST","url":"https://api2.ottplay.com/api/v3/mobile/analytics/"},"category":"xhr","level":"info"},{"timestamp":"2025-10-25T19:22:24.140Z","message":"[Diagnostic] Step 3: Starting speed check window. Setting status to checking_speed.","data":{"logger":"console","arguments":["[Diagnostic] Step 3: Starting speed check window. Setting status to checking_speed."]},"category":"console","level":"debug"},{"timestamp":"2025-10-25T19:22:24.141Z","message":"[Diagnostic] Now in checking_speed state. Setting up interval.","data":{"logger":"console","arguments":["[Diagnostic] Now in checking_speed state. Setting up interval."]},"category":"console","level":"debug"},{"timestamp":"2025-10-25T19:22:24.250Z","type":"http","data":{"status_code":200.0,"method":"POST","url":"https://api2.ottplay.com/api/user-service/v1/auth/login"},"category":"xhr","level":"info"},{"timestamp":"2025-10-25T19:22:24.558Z","message":"Navigation to MainStack","type":"navigation","data":{"from":"CreateAccount","to":"MainStack"},"category":"navigation","level":"info"},{"timestamp":"2025-10-25T19:22:24.591Z","message":"Net Info -  [object Object]","data":{"logger":"console","arguments":["Net Info - ",{"isConnected":null,"isInternetReachable":null,"details":null,"type":"unknown"}]},"category":"console","level":"debug"},{"timestamp":"2025-10-25T19:22:24.601Z","message":"[Diagnostic] Process started. Moving to checking_initial.","data":{"logger":"console","arguments":["[Diagnostic] Process started. Moving to checking_initial."]},"category":"console","level":"debug"},{"timestamp":"2025-10-25T19:22:24.602Z","message":"Net Info -  [object Object]","data":{"logger":"console","arguments":["Net Info - ",{"isConnected":true,"isInternetReachable":true,"isWifiEnabled":true,"details":{"isConnectionExpensive":false,"subnet":"255.255.255.0","strength":83.0,"bssid":"02:00:00:00:00:00","ipAddress":"192.168.31.156","linkSpeed":432.0,"rxLinkSpeed":344.0,"txLinkSpeed":432.0,"frequency":5220.0},"type":"wifi"}]},"category":"console","level":"debug"},{"timestamp":"2025-10-25T19:22:24.614Z","message":"[Diagnostic] Step 1: Executing initial connection check.","data":{"logger":"console","arguments":["[Diagnostic] Step 1: Executing initial connection check."]},"category":"console","level":"debug"},{"timestamp":"2025-10-25T19:22:24.683Z","type":"http","data":{"status_code":200.0,"method":"GET","url":"https://ottwatch-webapp.s3.ap-south-1.amazonaws.com/prod/prod_constants.json"},"category":"xhr","level":"info"},{"timestamp":"2025-10-25T19:22:24.692Z","type":"http","data":{"status_code":200.0,"method":"GET","url":"https://ottwatch-webapp.s3.ap-south-1.amazonaws.com/prod/prod_constants.json"},"category":"xhr","level":"info"},{"timestamp":"2025-10-25T19:22:24.698Z","type":"http","data":{"status_code":200.0,"method":"GET","url":"https://ottwatch-webapp.s3.ap-south-1.amazonaws.com/prod/prod_constants.json"},"category":"xhr","level":"info"},{"timestamp":"2025-10-25T19:22:24.700Z","type":"http","data":{"status_code":200.0,"method":"GET","url":"https://ottwatch-webapp.s3.ap-south-1.amazonaws.com/prod/prod_constants.json"},"category":"xhr","level":"info"},{"timestamp":"2025-10-25T19:22:24.789Z","type":"http","data":{"status_code":200.0,"method":"GET","url":"https://api2.ottplay.com/api/user-service/v1/user/whatsapp-consent/status?randomId=677"},"category":"xhr","level":"info"},{"timestamp":"2025-10-25T19:22:24.849Z","type":"http","data":{"status_code":200.0,"method":"GET","url":"https://api2.ottplay.com/api/user-service/v1/user/app-rating/show-feedback-popup?randomId=7104"},"category":"xhr","level":"info"},{"timestamp":"2025-10-25T19:22:24.860Z","type":"http","data":{"status_code":200.0,"method":"GET","url":"https://api2.ottplay.com/api/payment-service/v4.1/mobile/plansubscribe/getusersubscription?randomId=96894"},"category":"xhr","level":"info"},{"timestamp":"2025-10-25T19:22:24.877Z","type":"http","data":{"status_code":200.0,"method":"GET","url":"https://api2.ottplay.com/api/user-service/v1/user/app-rating/reviewlist?randomId=3793"},"category":"xhr","level":"info"},{"timestamp":"2025-10-25T19:22:24.895Z","type":"http","data":{"status_code":200.0,"method":"GET","url":"https://api2.ottplay.com/api/v4.5/mobile/widget/list/?platform=android&menu=Subscription&randomId=7028"},"category":"xhr","level":"info"},{"timestamp":"2025-10-25T19:22:24.942Z","type":"http","data":{"status_code":200.0,"method":"GET","url":"https://api2.ottplay.com/api/v4.5/mobile/widget/list/?platform=android&menu=Subscription&randomId=8719"},"category":"xhr","level":"info"},{"timestamp":"2025-10-25T19:22:24.960Z","type":"http","data":{"status_code":201.0,"method":"POST","url":"https://api2.ottplay.com/api/v3/mobile/analytics/"},"category":"xhr","level":"info"},{"timestamp":"2025-10-25T19:22:24.987Z","type":"http","data":{"status_code":200.0,"method":"PUT","url":"https://api2.ottplay.com/api/v2.1/mobile/analytics/acquisitions"},"category":"xhr","level":"info"},{"timestamp":"2025-10-25T19:22:25.006Z","type":"http","data":{"status_code":201.0,"method":"POST","url":"https://api2.ottplay.com/api/v3/mobile/analytics/"},"category":"xhr","level":"info"},{"timestamp":"2025-10-25T19:22:25.013Z","type":"http","data":{"status_code":200.0,"method":"GET","url":"https://api2.ottplay.com/api/user-service/v1/user/profile/list-profiles?randomId=1681"},"category":"xhr","level":"info"},{"timestamp":"2025-10-25T19:22:25.044Z","message":"[Diagnostic] Step 3: Starting speed check window. Setting status to checking_speed.","data":{"logger":"console","arguments":["[Diagnostic] Step 3: Starting speed check window. Setting status to checking_speed."]},"category":"console","level":"debug"},{"timestamp":"2025-10-25T19:22:25.044Z","message":"[Diagnostic] Now in checking_speed state. Setting up interval.","data":{"logger":"console","arguments":["[Diagnostic] Now in checking_speed state. Setting up interval."]},"category":"console","level":"debug"},{"timestamp":"2025-10-25T19:22:26.065Z","message":"1ce99c97fcf740bcaaedcf0286f1415d","data":{},"category":"sentry.transaction","level":"info"},{"timestamp":"2025-10-25T19:22:27.553Z","message":"[Diagnostic] - Firing speed check #1 of 1...","data":{"logger":"console","arguments":["[Diagnostic] - Firing speed check #1 of 1..."]},"category":"console","level":"debug"},{"timestamp":"2025-10-25T19:22:27.589Z","type":"http","data":{"status_code":200.0,"method":"POST","url":"https://api2.ottplay.com/api/user-service/v1/user/profile/switch-profile"},"category":"xhr","level":"info"},{"timestamp":"2025-10-25T19:22:27.900Z","message":"Net Info -  [object Object]","data":{"logger":"console","arguments":["Net Info - ",{"isConnected":null,"isInternetReachable":null,"details":null,"type":"unknown"}]},"category":"console","level":"debug"},{"timestamp":"2025-10-25T19:22:27.929Z","message":"Net Info -  [object Object]","data":{"logger":"console","arguments":["Net Info - ",{"isConnected":true,"isInternetReachable":true,"isWifiEnabled":true,"details":{"isConnectionExpensive":false,"subnet":"255.255.255.0","strength":83.0,"bssid":"02:00:00:00:00:00","ipAddress":"192.168.31.156","linkSpeed":432.0,"rxLinkSpeed":344.0,"txLinkSpeed":432.0,"frequency":5220.0},"type":"wifi"}]},"category":"console","level":"debug"},{"timestamp":"2025-10-25T19:22:27.961Z","message":"[Diagnostic] Process started. Moving to checking_initial.","data":{"logger":"console","arguments":["[Diagnostic] Process started. Moving to checking_initial."]},"category":"console","level":"debug"},{"timestamp":"2025-10-25T19:22:28.022Z","message":"[Diagnostic] Step 1: Executing initial connection check.","data":{"logger":"console","arguments":["[Diagnostic] Step 1: Executing initial connection check."]},"category":"console","level":"debug"},{"timestamp":"2025-10-25T19:22:29.551Z","type":"http","data":{"status_code":200.0,"method":"GET","url":"https://ottwatch-webapp.s3.ap-south-1.amazonaws.com/prod/prod_constants.json"},"category":"xhr","level":"info"},{"timestamp":"2025-10-25T19:22:29.559Z","type":"http","data":{"status_code":200.0,"method":"GET","url":"https://ottwatch-webapp.s3.ap-south-1.amazonaws.com/prod/prod_constants.json"},"category":"xhr","level":"info"},{"timestamp":"2025-10-25T19:22:29.560Z","message":"[Diagnostic] - Promise for check #1 resolved. Total checks: 1","data":{"logger":"console","arguments":["[Diagnostic] - Promise for check #1 resolved. Total checks: 1"]},"category":"console","level":"debug"},{"timestamp":"2025-10-25T19:22:29.560Z","message":"[Diagnostic] - Total check limit met. Stopping interval and setting status to speed_fast.","data":{"logger":"console","arguments":["[Diagnostic] - Total check limit met. Stopping interval and setting status to speed_fast."]},"category":"console","level":"debug"},{"timestamp":"2025-10-25T19:22:29.561Z","type":"http","data":{"status_code":200.0,"method":"GET","url":"https://ottwatch-webapp.s3.ap-south-1.amazonaws.com/prod/prod_constants.json"},"category":"xhr","level":"info"},{"timestamp":"2025-10-25T19:22:29.564Z","type":"http","data":{"status_code":200.0,"method":"GET","url":"https://api2.ottplay.com/api/v4.5/mobile/ranking/?platform=android&module_name=Subscription&template_name=inline_renewal_banner&pin_it=false&section=widget&limit=25&randomId=8096"},"category":"xhr","level":"info"},{"timestamp":"2025-10-25T19:22:29.565Z","type":"http","data":{"status_code":200.0,"method":"GET","url":"https://api2.ottplay.com/api/v4.5/mobile/ranking/?platform=android&module_name=Subscription&template_name=inline_renewal_banner&pin_it=false&section=widget&limit=25&randomId=9403"},"category":"xhr","level":"info"},{"timestamp":"2025-10-25T19:22:29.568Z","message":"[Diagnostic] Step 3: Starting speed check window. Setting status to checking_speed.","data":{"logger":"console","arguments":["[Diagnostic] Step 3: Starting speed check window. Setting status to checking_speed."]},"category":"console","level":"debug"},{"timestamp":"2025-10-25T19:22:29.569Z","message":"[Diagnostic] Now in checking_speed state. Setting up interval.","data":{"logger":"console","arguments":["[Diagnostic] Now in checking_speed state. Setting up interval."]},"category":"console","level":"debug"},{"timestamp":"2025-10-25T19:22:29.684Z","type":"http","data":{"status_code":200.0,"method":"GET","url":"https://api2.ottplay.com/api/user-service/v1/user/app-rating/reviewlist?randomId=1501"},"category":"xhr","level":"info"},{"timestamp":"2025-10-25T19:22:29.744Z","type":"http","data":{"status_code":200.0,"method":"GET","url":"https://api2.ottplay.com/api/user-service/v1/user/app-rating/show-feedback-popup?randomId=6337"},"category":"xhr","level":"info"},{"timestamp":"2025-10-25T19:22:29.773Z","type":"http","data":{"status_code":200.0,"method":"GET","url":"https://api2.ottplay.com/api/v4.7/mobile/ranking/?module_name=Subscription&platform=android&limit=5&section=widget_trending_sports_&pin_it=true&title=Live Matches&template_name=sports_highlights&page=1&lang_pref=false&language=false&language_id=null&genre=false&genre_id=undefined&provider=false&provider_id=null&randomId=5051"},"category":"xhr","level":"info"},{"timestamp":"2025-10-25T19:22:29.784Z","type":"http","data":{"status_code":200.0,"method":"GET","url":"https://api2.ottplay.com/api/v4.5/mobile/widget/list/?platform=android&menu=Subscription&randomId=4557"},"category":"xhr","level":"info"},{"timestamp":"2025-10-25T19:22:30.027Z","type":"http","data":{"status_code":200.0,"method":"GET","url":"https://api2.ottplay.com/api/v4.7/mobile/ranking/?module_name=Subscription&platform=android&limit=50&section=widget_mix_search_5&pin_it=true&title=Mix Search&template_name=subscription_banner&page=1&lang_pref=false&language=false&language_id=null&genre=false&genre_id=undefined&provider=false&provider_id=null&randomId=964"},"category":"xhr","level":"info"},{"timestamp":"2025-10-25T19:22:30.033Z","type":"http","data":{"status_code":200.0,"method":"GET","url":"https://api2.ottplay.com/api/re-service/v1.4/web/re-widget/premium-top-10-shows-by-language-preference/?module_name=Subscription&platform=android&limit=5&section=widget_oTTplay_top10_shows&pin_it=false&title=Top 10 Shows&template_name=top10_language&page=1&lang_pref=false&language=false&language_id=null&genre=false&genre_id=undefined&provider=false&provider_id=null&randomId=1634"},"category":"xhr","level":"info"},{"timestamp":"2025-10-25T19:22:30.112Z","type":"http","data":{"status_code":200.0,"method":"GET","url":"https://api2.ottplay.com/api/v4.7/mobile/ranking/?module_name=Subscription&platform=android&limit=5&section=widget_trending_sports_&pin_it=true&title=Live Matches&template_name=sports_highlights&page=1&lang_pref=false&language=false&language_id=null&genre=false&genre_id=undefined&provider=false&provider_id=null&randomId=5033"},"category":"xhr","level":"info"},{"timestamp":"2025-10-25T19:22:30.117Z","type":"http","data":{"status_code":200.0,"method":"GET","url":"https://api2.ottplay.com/api/v4.7/mobile/ranking/?module_name=Subscription&platform=android&limit=5&section=widget_india_tour_of_australia_2025&pin_it=true&title=India Tour of Australia 2025&template_name=sports_highlights&page=1&lang_pref=false&language=false&language_id=null&genre=false&genre_id=undefined&provider=false&provider_id=null&randomId=9115"},"category":"xhr","level":"info"},{"timestamp":"2025-10-25T19:22:30.218Z","type":"http","data":{"status_code":200.0,"method":"GET","url":"https://api2.ottplay.com/api/re-service/v1.4/web/re-widget/premium-top-10-shows-by-language-preference/?module_name=Subscription&platform=android&limit=5&section=widget_oTTplay_top10_shows&pin_it=false&title=Top 10 Shows&template_name=top10_language&page=1&lang_pref=false&language=false&language_id=null&genre=false&genre_id=undefined&provider=false&provider_id=null&randomId=8771"},"category":"xhr","level":"info"},{"timestamp":"2025-10-25T19:22:30.255Z","type":"http","data":{"status_code":200.0,"method":"GET","url":"https://api2.ottplay.com/api/user-service/v1/user/profile/preferred-data?randomId=2229"},"category":"xhr","level":"info"},{"timestamp":"2025-10-25T19:22:30.261Z","type":"http","data":{"status_code":200.0,"method":"GET","url":"https://api2.ottplay.com/api/v4.7/mobile/ranking/?module_name=Subscription&platform=android&limit=50&section=widget_mix_search_5&pin_it=true&title=Mix Search&template_name=subscription_banner&page=1&lang_pref=false&language=false&language_id=null&genre=false&genre_id=undefined&provider=false&provider_id=null&randomId=3302"},"category":"xhr","level":"info"},{"timestamp":"2025-10-25T19:22:30.327Z","type":"http","data":{"status_code":200.0,"method":"GET","url":"https://api2.ottplay.com/api/v4.7/mobile/ranking/?module_name=Subscription&platform=android&limit=5&section=widget_india_tour_of_australia_2025&pin_it=true&title=India Tour of Australia 2025&template_name=sports_highlights&page=1&lang_pref=false&language=false&language_id=null&genre=false&genre_id=undefined&provider=false&provider_id=null&randomId=6943"},"category":"xhr","level":"info"},{"timestamp":"2025-10-25T19:22:30.341Z","type":"http","data":{"status_code":201.0,"method":"POST","url":"https://api2.ottplay.com/api/v3/mobile/analytics/"},"category":"xhr","level":"info"},{"timestamp":"2025-10-25T19:22:30.343Z","type":"http","data":{"status_code":201.0,"method":"POST","url":"https://api2.ottplay.com/api/v3/mobile/analytics/"},"category":"xhr","level":"info"},{"timestamp":"2025-10-25T19:22:30.416Z","type":"http","data":{"status_code":200.0,"method":"GET","url":"https://api2.ottplay.com/api/v4.5/mobile/ranking/?platform=android&module_name=Subscription&template_name=inline_renewal_banner&pin_it=false&section=widget&limit=25&randomId=7117"},"category":"xhr","level":"info"},{"timestamp":"2025-10-25T19:22:30.515Z","type":"http","data":{"status_code":200.0,"method":"GET","url":"https://api2.ottplay.com/api/v4.7/mobile/ranking/?module_name=Subscription&platform=android&limit=50&section=widget_mix_search_5&pin_it=true&title=Mix Search&template_name=subscription_banner&page=1&lang_pref=false&language=false&language_id=null&genre=false&genre_id=undefined&provider=false&provider_id=null&randomId=7264"},"category":"xhr","level":"info"},{"timestamp":"2025-10-25T19:22:30.631Z","type":"http","data":{"status_code":200.0,"method":"GET","url":"https://api2.ottplay.com/api/re-service/v1.4/web/re-widget/premium-top-10-shows-by-language-preference/?module_name=Subscription&platform=android&limit=5&section=widget_oTTplay_top10_shows&pin_it=false&title=Top 10 Shows&template_name=top10_language&page=1&lang_pref=false&language=false&language_id=null&genre=false&genre_id=undefined&provider=false&provider_id=null&randomId=4463"},"category":"xhr","level":"info"},{"timestamp":"2025-10-25T19:22:30.748Z","type":"http","data":{"status_code":200.0,"method":"GET","url":"https://api2.ottplay.com/api/v4.7/mobile/ranking/?module_name=Subscription&platform=android&limit=5&section=widget_india_tour_of_australia_2025&pin_it=true&title=India Tour of Australia 2025&template_name=sports_highlights&page=1&lang_pref=false&language=false&language_id=null&genre=false&genre_id=undefined&provider=false&provider_id=null&randomId=741"},"category":"xhr","level":"info"},{"timestamp":"2025-10-25T19:22:30.832Z","type":"http","data":{"status_code":201.0,"method":"POST","url":"https://api2.ottplay.com/api/v3/mobile/analytics/"},"category":"xhr","level":"info"},{"timestamp":"2025-10-25T19:22:30.983Z","type":"http","data":{"status_code":200.0,"method":"GET","url":"https://api2.ottplay.com/api/user-service/v1/user/watchlist/list?platform=android&limit=10&randomID=2965&error_version=2&result_type=ottplay_id"},"category":"xhr","level":"info"},{"timestamp":"2025-10-25T19:22:31.041Z","message":"[Diagnostic] - Firing speed check #1 of 1...","data":{"logger":"console","arguments":["[Diagnostic] - Firing speed check #1 of 1..."]},"category":"console","level":"debug"},{"timestamp":"2025-10-25T19:22:31.060Z","type":"http","data":{"status_code":201.0,"method":"POST","url":"https://api2.ottplay.com/api/v3/mobile/analytics/"},"category":"xhr","level":"info"},{"timestamp":"2025-10-25T19:22:31.438Z","message":"[Diagnostic] - Promise for check #1 resolved. Total checks: 1","data":{"logger":"console","arguments":["[Diagnostic] - Promise for check #1 resolved. Total checks: 1"]},"category":"console","level":"debug"},{"timestamp":"2025-10-25T19:22:31.442Z","message":"[Diagnostic] - Total check limit met. Stopping interval and setting status to speed_fast.","data":{"logger":"console","arguments":["[Diagnostic] - Total check limit met. Stopping interval and setting status to speed_fast."]},"category":"console","level":"debug"},{"timestamp":"2025-10-25T19:22:31.445Z","message":"[Diagnostic] Step 4: Executing final confirmation check.","data":{"logger":"console","arguments":["[Diagnostic] Step 4: Executing final confirmation check."]},"category":"console","level":"debug"},{"timestamp":"2025-10-25T19:22:31.841Z","message":"[Diagnostic] Process finished with terminal status: success. Calling onComplete.","data":{"logger":"console","arguments":["[Diagnostic] Process finished with terminal status: success. Calling onComplete."]},"category":"console","level":"debug"},{"timestamp":"2025-10-25T19:22:32.012Z","type":"http","data":{"status_code":201.0,"method":"POST","url":"https://api2.ottplay.com/api/v3/mobile/analytics/"},"category":"xhr","level":"info"},{"timestamp":"2025-10-25T19:23:07.766Z","type":"system","data":{"level":26.0,"charging":false,"action":"BATTERY_CHANGED"},"category":"device.event","level":"info"},{"timestamp":"2025-10-25T19:24:10.705Z","type":"system","data":{"level":25.0,"charging":false,"action":"BATTERY_CHANGED"},"category":"device.event","level":"info"}]