{
  "godel": {
    "v1-config.zip": {
      "hash": "d075d86a254dcd9ca1f198d771145015"
    }
  },
  "hyper": {
    "bundles": {
      "acs": {
        "in.juspay.godel": {
          "1.3.1": {
            "v1-acs.zip": {
              "hash": "b562e4fcc1a9f783f78cce04547c0e0d"
            }
          }
        }
      },
      "app": {
        "in.juspay.dotp": {
          "6.1.0": {
            "android": {
              "v1-index_bundle.zip": {
                "hash": "273d8965064c720018150619e76f2997"
              }
            }
          }
        },
        "in.juspay.ec": {
          "3.22.4": {
            "android": {
              "v1-index_bundle.zip": {
                "hash": "5abb039052816b576c08383456a8f390"
              }
            }
          },
          "3.36.8": {
            "android": {
              "v1-index_bundle.zip": {
                "hash": "0163a6d57ce82cecf5bc24ca159b9c7c"
              }
            }
          },
          "4.3.26": {
            "android": {
              "v1-index_bundle.zip": {
                "hash": "28beba21e3e8aa00eafd69aaa6525e06"
              }
            }
          },
          "5.1.0": {
            "android": {
              "v1-index_bundle.zip": {
                "hash": "d3b91cd294f51ab34f4046f3ba3dc91b"
              }
            }
          }
        },
        "in.juspay.escrow": {
          "4.4.0": {
            "android": {
              "v1-index_bundle.zip": {
                "hash": "47119f3c856a55807e982e6f03ea7685"
              }
            }
          }
        },
        "in.juspay.flyer": {
          "2.5.2": {
            "android": {
              "v1-index_bundle.zip": {
                "hash": "f839bc6db955a6f8e23935445de08265"
              }
            }
          }
        },
        "in.juspay.godel": {
          "1.1.1": {
            "android": {
              "v1-index_bundle.zip": {
                "hash": "2ca7a415a33ec26826dacf7d6e55b0a5"
              }
            }
          },
          "1.8.1": {
            "android": {
              "v1-index_bundle.zip": {
                "hash": "49097bca5ee9b0604848bc17227b574f"
              }
            }
          }
        },
        "in.juspay.hyperpay": {
          "4.130.9-release-20250929.2": {
            "android": {
              "v1-index_bundle.zip": {
                "hash": "0a452f9e3acf3d215122e9ea3d37dc27"
              }
            }
          }
        },
        "in.juspay.hyperupi": {
          "2.7.57": {
            "android": {
              "v1-index_bundle.zip": {
                "hash": "0a4b9fd2205289f378792883eb3903b9"
              }
            }
          }
        },
        "in.juspay.inappupi": {
          "2.3.38": {
            "android": {
              "v1-index_bundle.zip": {
                "hash": "1aaa4d06db363fa22bece0d33a60880a"
              }
            }
          }
        },
        "in.juspay.upiintent": {
          "6.1.0": {
            "android": {
              "v1-index_bundle.zip": {
                "hash": "7a7dae365451dce96c1533e00314d678"
              }
            }
          }
        },
        "tracker": {
          "2.0.50": {
            "v1-tracker.zip": {
              "hash": "72e0db9d6d92d558b8a3dbb2e6abf0ec"
            }
          },
          "2.2.9": {
            "v1-tracker.zip": {
              "hash": "c4223532dfd5df4b83cdf7946ded3503"
            }
          }
        }
      },
      "config": {
        "in.juspay.godel": {
          "1.3.15": {
            "v1-config.zip": {
              "hash": "d6c7222370a20cbdc8f4e17b565017e7"
            }
          },
          "1.4.0": {
            "v1-config.zip": {
              "hash": "b2ebd2dcc4f597229d06e4008e942466"
            }
          },
          "1.4.5": {
            "v1-config.zip": {
              "hash": "148f6906bec2c7d45e84e895dff83dd0"
            }
          }
        }
      },
      "in.juspay.merchants": {
        "bbdaily": {
          "ios": {
            "release": {
              "config.json": {
                "hash": "3hkj23h5k23jh52kj3h"
              }
            }
          }
        },
        "htott": {
          "android": {
            "release": {
              "sdk_config.json": {
                "hash": "75fef58c3ef8341fbef1ea7fd4e73deb"
              }
            }
          }
        }
      },
      "release": {
        "in.juspay.godel": {
          "android": {
            "1.0rc2": {
              "common": {
                "1.0.1": {
                  "v1-boot_loader.zip": {
                    "hash": "3b52f2f0d550507208f50689c5dff01f"
                  }
                },
                "stable": {
                  "v1-boot_loader.zip": {
                    "hash": "1a675fbf2067227d1857566bc3b4ebf6"
                  }
                }
              }
            }
          }
        }
      }
    },
    "configs": {
      "htott": {
        "in.juspay.hyperpay": {
          "2.116.1": {
            "v1-configuration.zip": {
              "hash": "525592dfe58f6c06d86847b2292f4a54"
            },
            "v1-icons.zip": {
              "hash": "361c1f6307370977b0ada50b1d03f1e7"
            },
            "v1-strings.zip": {
              "hash": "d27c3a94662d54761a52b613f96cdbb8"
            }
          }
        }
      }
    }
  },
  "juspay": {
    "payments": {
      "in.juspay.dotp": {
        "release": {
          "v1-config.zip": {
            "hash": "d1be46cb32c6ae215f492b0b963486b7"
          }
        }
      },
      "in.juspay.ec": {
        "release": {
          "v1-config.zip": {
            "hash": "01ec08875f5d676ef172339e7d3f9b8f"
          }
        }
      },
      "in.juspay.godel": {
        "release": {
          "1.0rc2": {
            "v1-acs.zip": {
              "hash": "0e6e2249b7adef09c1ffc8e673f312ae"
            }
          }
        }
      },
      "in.juspay.upiintent": {
        "release": {
          "v1-config.zip": {
            "hash": "f67f6696dc05617814c509afb42a4a43"
          }
        }
      }
    }
  }
}